two_theta_deg,intensity_norm_0_100,page_x,page_y,label
4.9969780163239506,1.9844249102421592,50.498600006103516,304.232177734375,Syagrus (solid)
5.024521468660698,1.8604234633858123,50.792598724365234,304.524169921875,Syagrus (solid)
5.052158912537145,1.7364090565120265,51.08760070800781,304.8161926269531,Syagrus (solid)
5.079702364873893,1.6124076096556796,51.38159942626953,305.1081848144531,Syagrus (solid)
5.10724581721064,1.529593098220473,51.67559814453125,305.3031921386719,Syagrus (solid)
5.125702110308171,1.4467915468027053,51.87260055541992,305.4981689453125,Syagrus (solid)
5.153245562644919,1.3644047159429857,52.16659927368164,305.6921691894531,Syagrus (solid)
5.1807893723639475,1.2815902045077792,52.460601806640625,305.8871765136719,Syagrus (solid)
5.2084264588581135,1.2403903090692,52.75559997558594,305.98419189453125,Syagrus (solid)
5.235969911194862,1.1575887576514323,53.049598693847656,306.1791687011719,Syagrus (solid)
5.263513720913889,1.1575887576514323,53.34360122680664,306.1791687011719,Syagrus (solid)
5.281876022471722,1.116388862212853,53.53960037231445,306.27618408203125,Syagrus (solid)
5.309513108965888,1.116388862212853,53.834598541259766,306.27618408203125,Syagrus (solid)
5.337056918684916,0.9095729039212995,54.12860107421875,306.76318359375,Syagrus (solid)
5.364600371021664,0.8679582879246722,54.42259979248047,306.8611755371094,Syagrus (solid)
5.39223745751583,0.9507727993598788,54.71759796142578,306.6661682128906,Syagrus (solid)
5.419781267234859,1.2403903090692,55.011600494384766,305.98419189453125,Syagrus (solid)
5.4381435687926905,1.405591651364126,55.20759963989258,305.5951843261719,Syagrus (solid)
5.465781012669137,1.529593098220473,55.502601623535156,305.3031921386719,Syagrus (solid)
5.493324465005885,1.529593098220473,55.796600341796875,305.3031921386719,Syagrus (solid)
5.520867917342633,1.116388862212853,56.090599060058594,306.27618408203125,Syagrus (solid)
5.548505361219079,1.405591651364126,56.38560104370117,305.5951843261719,Syagrus (solid)
5.576048813555827,1.6952221210908862,56.67959976196289,304.9131774902344,Syagrus (solid)
5.594411115113659,1.943237974821019,56.8755989074707,304.32916259765625,Syagrus (solid)
5.621954924832687,1.6952221210908862,57.16960144042969,304.9131774902344,Syagrus (solid)
5.649592011326853,1.7364090565120265,57.464599609375,304.8161926269531,Syagrus (solid)
5.6771354636636016,2.4392567222638455,57.75859832763672,303.1611633300781,Syagrus (solid)
5.70467927338263,2.687259615976539,58.0526008605957,302.5771789550781,Syagrus (solid)
5.732316359876796,2.8524609582714655,58.347599029541016,302.18817138671875,Syagrus (solid)
5.750679018816908,2.645644999979912,58.543601989746094,302.6751708984375,Syagrus (solid)
5.778222471153656,2.645644999979912,58.83760070800781,302.6751708984375,Syagrus (solid)
5.805859557647822,2.687259615976539,59.132598876953125,302.5771789550781,Syagrus (solid)
5.83340336736685,2.4804436576849858,59.42660140991211,303.0641784667969,Syagrus (solid)
5.8609468197035985,2.108426357098506,59.72060012817383,303.940185546875,Syagrus (solid)
5.888584263580045,1.6952221210908862,60.015602111816406,304.9131774902344,Syagrus (solid)
5.9069465651378765,1.3644047159429857,60.21160125732422,305.6921691894531,Syagrus (solid)
5.934490017474625,1.1575887576514323,60.50559997558594,306.1791687011719,Syagrus (solid)
5.962033469811373,0.9923874153565061,60.799598693847656,306.56817626953125,Syagrus (solid)
5.989670913687819,0.7855714570649526,61.094600677490234,307.05517578125,Syagrus (solid)
6.017214366024567,1.0752019267917128,61.38859939575195,306.3731689453125,Syagrus (solid)
6.035577024964679,1.3644047159429857,61.58460235595703,305.6921691894531,Syagrus (solid)
6.063214111458846,1.6124076096556796,61.879600524902344,305.1081848144531,Syagrus (solid)
6.090757563795593,1.6124076096556796,62.17359924316406,305.1081848144531,Syagrus (solid)
6.1183010161323415,1.6124076096556796,62.46759796142578,305.1081848144531,Syagrus (solid)
6.145938460008788,1.7364090565120265,62.76259994506836,304.8161926269531,Syagrus (solid)
6.173481912345536,2.356442210828639,63.05659866333008,303.3561706542969,Syagrus (solid)
6.191844571285648,2.5632581691201923,63.252601623535156,302.8691711425781,Syagrus (solid)
6.219388023622396,2.687259615976539,63.546600341796875,302.5771789550781,Syagrus (solid)
6.247025110116563,2.769646446836259,63.84159851074219,302.3831787109375,Syagrus (solid)
6.27456856245331,2.8936478936926058,64.1355972290039,302.0911865234375,Syagrus (solid)
6.302112014790058,2.935275469706672,64.42959594726562,301.9931640625,Syagrus (solid)
6.329749816048785,2.811261062832886,64.72460174560547,302.2851867675781,Syagrus (solid)
6.348112117606617,2.7284595114151187,64.92060089111328,302.48016357421875,Syagrus (solid)
6.375655569943365,2.6044451045413326,65.214599609375,302.7721862792969,Syagrus (solid)
6.403292656437531,2.687259615976539,65.50959777832031,302.5771789550781,Syagrus (solid)
6.43083682353884,3.059276916563019,65.80360412597656,301.701171875,Syagrus (solid)
6.458380275875587,3.1832783634193658,66.09760284423828,301.4091796875,Syagrus (solid)
6.486017362369754,3.0180770211244394,66.3926010131836,301.7981872558594,Syagrus (solid)
6.504379663927586,2.9764624051278123,66.5886001586914,301.89617919921875,Syagrus (solid)
6.531923116264334,3.1420914279982255,66.88259887695312,301.50616455078125,Syagrus (solid)
6.559466568601081,3.3072798102757126,67.17659759521484,301.1171875,Syagrus (solid)
6.587104369859809,3.472481152570639,67.47160339355469,300.7281799316406,Syagrus (solid)
6.614647822196557,4.010114516010093,67.7656021118164,299.4621887207031,Syagrus (solid)
6.642191274533304,4.630147670326705,68.05960083007812,298.0021667480469,Syagrus (solid)
6.6606472102485546,5.167353353190672,68.25659942626953,296.7371826171875,Syagrus (solid)
6.688190662585303,5.332554695485598,68.55059814453125,296.3481750488281,Syagrus (solid)
6.715734829686611,5.6221851652123584,68.8446044921875,295.6661682128906,Syagrus (solid)
6.743371916180777,5.953002570360258,69.13960266113281,294.8871765136719,Syagrus (solid)
6.770915368517525,6.325019870946738,69.43360137939453,294.01116943359375,Syagrus (solid)
6.798458820854273,7.0278545766811185,69.72760009765625,292.3561706542969,Syagrus (solid)
6.816821122412105,7.0278545766811185,69.92359924316406,292.3561706542969,Syagrus (solid)
6.844458208906271,7.151856023537465,70.21859741210938,292.0641784667969,Syagrus (solid)
6.87200237600758,7.275857470393812,70.51260375976562,291.7721862792969,Syagrus (solid)
6.899545828344328,7.151856023537465,70.80660247802734,292.0641784667969,Syagrus (solid)
6.927182914838494,6.821038618389565,71.10160064697266,292.8431701660156,Syagrus (solid)
6.945545216396326,6.697024211515779,71.29759979248047,293.13519287109375,Syagrus (solid)
6.973088668733074,6.697024211515779,71.59159851074219,293.13519287109375,Syagrus (solid)
7.00072575522724,7.193055918976045,71.8865966796875,291.9671630859375,Syagrus (solid)
7.0282699223285485,7.234242854397185,72.18060302734375,291.87017822265625,Syagrus (solid)
7.055813374665297,7.523873324123945,72.47460174560547,291.18817138671875,Syagrus (solid)
7.083450461159463,7.730689282415498,72.76959991455078,290.701171875,Syagrus (solid)
7.1018127627172944,7.730689282415498,72.9655990600586,290.701171875,Syagrus (solid)
7.129356215054043,7.771876217836638,73.25959777832031,290.60418701171875,Syagrus (solid)
7.156993301548209,7.358671981829019,73.55459594726562,291.5771789550781,Syagrus (solid)
7.184537468649517,7.193055918976045,73.84860229492188,291.9671630859375,Syagrus (solid)
7.212080920986265,7.4410588126887385,74.1426010131836,291.3831787109375,Syagrus (solid)
7.2396243733230135,7.358671981829019,74.43659973144531,291.5771789550781,Syagrus (solid)
7.258080309038263,7.193055918976045,74.63359832763672,291.9671630859375,Syagrus (solid)
7.285623761375011,7.069041512102259,74.92759704589844,292.2591857910156,Syagrus (solid)
7.31316792847632,7.193055918976045,75.22160339355469,291.9671630859375,Syagrus (solid)
7.340805014970486,7.399871877267598,75.5166015625,291.48016357421875,Syagrus (solid)
7.368348467307234,7.523873324123945,75.81060028076172,291.18817138671875,Syagrus (solid)
7.395891919643982,7.606687835559152,76.10459899902344,290.9931640625,Syagrus (solid)
7.414347855359233,7.813076113275218,76.30159759521484,290.5071716308594,Syagrus (solid)
7.44189130769598,7.565487940120573,76.59559631347656,291.0901794433594,Syagrus (solid)
7.469435474797288,7.689074666418871,76.88960266113281,290.7991638183594,Syagrus (solid)
7.497072561291455,7.771876217836638,77.18460083007812,290.60418701171875,Syagrus (solid)
7.5246160136282025,7.482673428685366,77.47859954833984,291.2851867675781,Syagrus (solid)
7.552159465964951,7.317057365832391,77.77259826660156,291.6751708984375,Syagrus (solid)
7.5705217675227825,7.565487940120573,77.96859741210938,291.0901794433594,Syagrus (solid)
7.598158854016949,8.102706583001979,78.26359558105469,289.8251647949219,Syagrus (solid)
7.625703021118257,8.433096307574392,78.55760192871094,289.04718017578125,Syagrus (solid)
7.653246473455005,8.01989207156677,78.85160064697266,290.0201721191406,Syagrus (solid)
7.680883559949171,8.681526881862572,79.14659881591797,288.4621887207031,Syagrus (solid)
7.708427012285919,8.846728224157498,79.44059753417969,288.07318115234375,Syagrus (solid)
7.726789313843751,8.681526881862572,79.6365966796875,288.4621887207031,Syagrus (solid)
7.754427115102478,8.433096307574392,79.93160247802734,289.04718017578125,Syagrus (solid)
7.7819705674392265,8.350709476714671,80.22560119628906,289.2411804199219,Syagrus (solid)
7.809514019775974,8.557097754430739,80.51959991455078,288.75518798828125,Syagrus (solid)
7.837151106270141,8.598725330444804,80.8145980834961,288.65716552734375,Syagrus (solid)
7.8555134078279725,8.102706583001979,81.0105972290039,289.8251647949219,Syagrus (solid)
7.883056860164721,8.102706583001979,81.30459594726562,289.8251647949219,Syagrus (solid)
7.910601027266028,8.39190937215325,81.59860229492188,289.1441650390625,Syagrus (solid)
7.938238113760195,8.515910819009598,81.89360046386719,288.8521728515625,Syagrus (solid)
7.965781566096943,8.350709476714671,82.1875991821289,289.2411804199219,Syagrus (solid)
7.993325018433691,8.39190937215325,82.48159790039062,289.1441650390625,Syagrus (solid)
8.011781668913502,8.433096307574392,82.67860412597656,289.04718017578125,Syagrus (solid)
8.03932440648569,8.39190937215325,82.97259521484375,289.1441650390625,Syagrus (solid)
8.066868573586998,8.350709476714671,83.2666015625,289.2411804199219,Syagrus (solid)
8.094505660081165,8.598725330444804,83.56159973144531,288.65716552734375,Syagrus (solid)
8.122049112417912,8.805541288736357,83.85559844970703,288.170166015625,Syagrus (solid)
8.149592564754661,8.681526881862572,84.14959716796875,288.4621887207031,Syagrus (solid)
8.167954866312492,8.929542735592705,84.34559631347656,287.878173828125,Syagrus (solid)
8.195591952806659,9.218745524743978,84.64059448242188,287.1971740722656,Syagrus (solid)
8.223136119907966,9.135931013308772,84.93460083007812,287.3921813964844,Syagrus (solid)
8.250679572244715,9.135931013308772,85.22859954833984,287.3921813964844,Syagrus (solid)
8.278317373503441,9.259932460165118,85.52360534667969,287.1001892089844,Syagrus (solid)
8.305860111075628,9.590762825330458,85.81759643554688,286.3211669921875,Syagrus (solid)
8.32422241263346,9.466748418456671,86.01359558105469,286.6131896972656,Syagrus (solid)
8.351860213892188,9.466748418456671,86.30860137939453,286.6131896972656,Syagrus (solid)
8.379403666228935,9.549562929891879,86.60260009765625,286.4181823730469,Syagrus (solid)
8.406947118565682,9.632377441327085,86.89659881591797,286.2231750488281,Syagrus (solid)
8.43458491982441,9.1775456293054,87.19160461425781,287.294189453125,Syagrus (solid)
8.462127657396596,8.846728224157498,87.485595703125,288.07318115234375,Syagrus (solid)
8.48048995895443,8.515910819009598,87.68159484863281,288.8521728515625,Syagrus (solid)
8.508034126055737,8.681526881862572,87.97560119628906,288.4621887207031,Syagrus (solid)
8.535671212549904,9.011929566452425,88.27059936523438,287.6841735839844,Syagrus (solid)
8.563215379651211,8.805541288736357,88.56460571289062,288.170166015625,Syagrus (solid)
8.5907581172234,8.598725330444804,88.85859680175781,288.65716552734375,Syagrus (solid)
8.618395203717567,8.39190937215325,89.15359497070312,289.1441650390625,Syagrus (solid)
8.636758220039958,7.978692176128193,89.34960174560547,290.1171875,Syagrus (solid)
8.664301672376707,7.523873324123945,89.64360046386719,291.18817138671875,Syagrus (solid)
8.691938758870872,7.234242854397185,89.9385986328125,291.87017822265625,Syagrus (solid)
8.719482925972182,7.193055918976045,90.23260498046875,291.9671630859375,Syagrus (solid)
8.747025663544369,6.903840169807332,90.52659606933594,292.648193359375,Syagrus (solid)
8.774663464803096,6.614222660098012,90.82160186767578,293.3301696777344,Syagrus (solid)
8.793025766360927,6.614222660098012,91.0176010131836,293.3301696777344,Syagrus (solid)
8.820569218697676,6.407834382381945,91.31159973144531,293.816162109375,Syagrus (solid)
8.848112671034423,6.490208253224226,91.60559844970703,293.6221923828125,Syagrus (solid)
8.87575047229315,6.945040065245911,91.90060424804688,292.5511779785156,Syagrus (solid)
8.903293209865337,7.0278545766811185,92.19459533691406,292.3561706542969,Syagrus (solid)
8.92165551142317,7.275857470393812,92.39059448242188,291.7721862792969,Syagrus (solid)
8.949293312681895,7.606687835559152,92.68560028076172,290.9931640625,Syagrus (solid)
8.976836765018644,7.730689282415498,92.97959899902344,290.701171875,Syagrus (solid)
9.004380932119952,7.978692176128193,93.27360534667969,290.1171875,Syagrus (solid)
9.032018018614119,8.143893518423118,93.568603515625,289.7281799316406,Syagrus (solid)
9.059560756186306,8.350709476714671,93.86259460449219,289.2411804199219,Syagrus (solid)
9.077923772508699,8.433096307574392,94.05860137939453,289.04718017578125,Syagrus (solid)
9.105560859002864,8.722726777301151,94.35359954833984,288.36517333984375,Syagrus (solid)
9.133104311339613,9.053544182449052,94.64759826660156,287.586181640625,Syagrus (solid)
9.16064847844092,9.135931013308772,94.94160461425781,287.3921813964844,Syagrus (solid)
9.18819121601311,8.888342840154126,95.235595703125,287.9751892089844,Syagrus (solid)
9.215829017271835,8.970729671013846,95.53060150146484,287.78118896484375,Syagrus (solid)
9.234191318829668,9.011929566452425,95.72660064697266,287.6841735839844,Syagrus (solid)
9.261734771166415,8.722726777301151,96.02059936523438,288.36517333984375,Syagrus (solid)
9.289371857660582,8.639912265865945,96.31559753417969,288.5601806640625,Syagrus (solid)
9.31691602476189,8.515910819009598,96.60960388183594,288.8521728515625,Syagrus (solid)
9.344458762334078,8.433096307574392,96.90359497070312,289.04718017578125,Syagrus (solid)
9.372096563592804,8.226708029858324,97.19860076904297,289.5331726074219,Syagrus (solid)
9.390458865150636,8.0615066875634,97.39459991455078,289.92218017578125,Syagrus (solid)
9.418002317487383,8.102706583001979,97.6885986328125,289.8251647949219,Syagrus (solid)
9.44563940398155,8.433096307574392,97.98359680175781,289.04718017578125,Syagrus (solid)
9.473183571082858,8.929542735592705,98.27760314941406,287.878173828125,Syagrus (solid)
9.500727023419607,9.342746971600326,98.57160186767578,286.9051818847656,Syagrus (solid)
9.528364109913772,10.004394741913565,98.8666000366211,285.34716796875,Syagrus (solid)
9.546726411471605,10.293597531064838,99.0625991821289,284.6661682128906,Syagrus (solid)
9.574269863808352,10.334784466485978,99.35659790039062,284.5691833496094,Syagrus (solid)
9.601814030909662,10.541600424777531,99.65060424804688,284.0821838378906,Syagrus (solid)
9.629451117403827,10.954804660785152,99.94560241699219,283.10919189453125,Syagrus (solid)
9.656994569740576,11.28563502595049,100.2396011352539,282.3301696777344,Syagrus (solid)
9.684538022077323,11.28563502595049,100.53359985351562,282.3301696777344,Syagrus (solid)
9.702993957792573,11.616452431098391,100.73059844970703,281.5511779785156,Syagrus (solid)
9.730537410129322,11.616452431098391,101.02459716796875,281.5511779785156,Syagrus (solid)
9.75808157723063,11.616452431098391,101.318603515625,281.5511779785156,Syagrus (solid)
9.785718663724797,11.864468284828524,101.61360168457031,280.9671630859375,Syagrus (solid)
9.813262116061544,12.40167396769249,101.90760040283203,279.7021789550781,Syagrus (solid)
9.831624417619377,12.898120395710805,102.10359954833984,278.5331726074219,Syagrus (solid)
9.859167869956124,13.146123289423498,102.39759826660156,277.9491882324219,Syagrus (solid)
9.886804956450291,13.39413914315363,102.69259643554688,277.36517333984375,Syagrus (solid)
9.914349123551599,13.39413914315363,102.98660278320312,277.36517333984375,Syagrus (solid)
9.941892575888346,13.39413914315363,103.28060150146484,277.36517333984375,Syagrus (solid)
9.969529662382513,13.270137696297285,103.57559967041016,277.65716552734375,Syagrus (solid)
9.987891963940346,13.518140590009978,103.77159881591797,277.07318115234375,Syagrus (solid)
10.015435416277093,13.76615644374011,104.06559753417969,276.4891662597656,Syagrus (solid)
10.04307250277126,14.055359232891384,104.360595703125,275.80816650390625,Syagrus (solid)
10.070616669872567,14.220975295744358,104.65460205078125,275.4181823730469,Syagrus (solid)
10.098160122209315,14.551792700892259,104.94860076904297,274.6391906738281,Syagrus (solid)
10.125797208703482,14.675807107766044,105.24359893798828,274.34716796875,Syagrus (solid)
10.144160225025875,15.089011343773665,105.43960571289062,273.3741760253906,Syagrus (solid)
10.171702962598062,15.21301279063001,105.73359680175781,273.0821838378906,Syagrus (solid)
10.199247129699371,15.709031538072837,106.02760314941406,271.9141845703125,Syagrus (solid)
10.226884216193536,16.246250180954245,106.32260131835938,270.649169921875,Syagrus (solid)
10.254427668530285,16.411866243807218,106.6166000366211,270.2591857910156,Syagrus (solid)
10.281971120867032,16.866270375253418,106.91059875488281,269.1891784667969,Syagrus (solid)
10.300427771346843,17.197515460976803,107.10760498046875,268.4091796875,Syagrus (solid)
10.32797050891903,18.10673844442725,107.40159606933594,266.2681884765625,Syagrus (solid)
10.35551467602034,18.561570256448938,107.69560241699219,265.1971740722656,Syagrus (solid)
10.383151762514505,19.595222367331218,107.9906005859375,262.76318359375,Syagrus (solid)
10.410695214851254,20.835275715947002,108.28459930419922,259.8431701660156,Syagrus (solid)
10.438238667188001,21.45529591024618,108.57859802246094,258.3831787109375,Syagrus (solid)
10.456600968745834,22.033701488548722,108.77459716796875,257.02117919921875,Syagrus (solid)
10.484238055239999,22.654149363423382,109.06959533691406,255.5601806640625,Syagrus (solid)
10.511782222341308,23.19136152629607,109.36360168457031,254.29518127441406,Syagrus (solid)
10.539325674678055,23.15016811086621,109.65760040283203,254.39218139648438,Syagrus (solid)
10.566962761172222,23.52218541145269,109.95259857177734,253.51617431640625,Syagrus (solid)
10.59450621350897,23.646186858309036,110.24659729003906,253.22418212890625,Syagrus (solid)
10.612868515066802,24.22502011718707,110.44259643554688,251.86117553710938,Syagrus (solid)
10.640505601560967,24.390214979473278,110.73759460449219,251.47218322753906,Syagrus (solid)
10.668049768662277,24.679845449200037,111.03160095214844,250.79017639160156,Syagrus (solid)
10.695593220999024,24.88666140749159,111.32559967041016,250.3031768798828,Syagrus (solid)
10.723231022257751,25.671882944085688,111.62060546875,248.4541778564453,Syagrus (solid)
10.741593323815582,26.37471764982007,111.81660461425781,246.79917907714844,Syagrus (solid)
10.769136061387771,27.44956965614093,112.110595703125,244.26817321777344,Syagrus (solid)
10.796680228489079,28.19359777730517,112.40460205078125,242.51617431640625,Syagrus (solid)
10.824317314983245,28.648423109318134,112.69960021972656,241.44517517089844,Syagrus (solid)
10.851860767319993,29.102820760755616,112.99359893798828,240.37518310546875,Syagrus (solid)
10.879404219656742,29.475265741917582,113.28759765625,239.4981689453125,Syagrus (solid)
10.897860870136553,29.93008459392183,113.48460388183594,238.42718505859375,Syagrus (solid)
10.92540360770874,30.38448872536803,113.77859497070312,237.357177734375,Syagrus (solid)
10.952947774810047,31.211324877958756,114.07260131835938,235.41018676757812,Syagrus (solid)
10.980584861304214,31.914159583693134,114.36759948730469,233.75518798828125,Syagrus (solid)
11.008129028405522,32.7410086963013,114.66160583496094,231.80816650390625,Syagrus (solid)
11.03567176597771,33.31983547517061,114.95559692382812,230.44517517089844,Syagrus (solid)
11.054128416457521,33.5262302328954,115.15260314941406,229.95916748046875,Syagrus (solid)
11.081671154029708,34.14625042719457,115.44659423828125,228.49917602539062,Syagrus (solid)
11.109215321131016,34.766270621493746,115.7406005859375,227.0391845703125,Syagrus (solid)
11.136759488232325,35.097515707217134,116.03460693359375,226.25918579101562,Syagrus (solid)
11.16439657472649,35.30391046494192,116.32960510253906,225.77317810058594,Syagrus (solid)
11.191939312298679,35.59353445465996,116.62359619140625,225.0911865234375,Syagrus (solid)
11.21030161385651,35.965551755246445,116.81959533691406,224.21517944335938,Syagrus (solid)
11.237938700350677,36.54395733354899,117.11459350585938,222.85317993164062,Syagrus (solid)
11.265482867451986,37.08159069698844,117.40859985351562,221.58718872070312,Syagrus (solid)
11.293027034553294,37.74323846730168,117.70260620117188,220.0291748046875,Syagrus (solid)
11.32066412104746,38.239257214744505,117.99760437011719,218.86117553710938,Syagrus (solid)
11.348206858619648,38.859277409043685,118.29159545898438,217.40118408203125,Syagrus (solid)
11.36656916017748,39.43811066792171,118.48759460449219,216.03817749023438,Syagrus (solid)
11.394206246671645,39.933701734789054,118.7825927734375,214.87118530273438,Syagrus (solid)
11.421750413772955,40.099330757659466,119.07659912109375,214.48117065429688,Syagrus (solid)
11.449294580874263,40.182138789085954,119.37060546875,214.2861785888672,Syagrus (solid)
11.47693166736843,40.01651624622426,119.66560363769531,214.67617797851562,Syagrus (solid)
11.504474404940616,39.72731345707299,119.9595947265625,215.357177734375,Syagrus (solid)
11.522836706498449,39.72731345707299,120.15559387207031,215.357177734375,Syagrus (solid)
11.550380873599757,40.140945373656095,120.44960021972656,214.3831787109375,Syagrus (solid)
11.578017960093923,40.38895474737751,120.74459838867188,213.79917907714844,Syagrus (solid)
11.605562127195231,40.76096556795527,121.03860473632812,212.92318725585938,Syagrus (solid)
11.633104864767418,41.21536969940147,121.33259582519531,211.85317993164062,Syagrus (solid)
11.651561515247229,41.46380027368965,121.52960205078125,211.2681884765625,Syagrus (solid)
11.679104252819418,41.67019503141444,121.82359313964844,210.7821807861328,Syagrus (solid)
11.706648419920725,41.711388446844296,122.11759948730469,210.6851806640625,Syagrus (solid)
11.734285506414892,41.50500016912823,122.41259765625,211.17117309570312,Syagrus (solid)
11.7618296735162,41.174176283971605,122.70660400390625,211.95018005371094,Syagrus (solid)
11.789372411088388,40.80216546339385,123.00059509277344,212.826171875,Syagrus (solid)
11.80773471264622,40.38895474737751,123.19659423828125,213.79917907714844,Syagrus (solid)
11.835371799140386,40.182138789085954,123.49159240722656,214.2861785888672,Syagrus (solid)
11.862915966241694,40.22333220451581,123.78559875488281,214.18917846679688,Syagrus (solid)
11.890460133343003,40.058130862220885,124.07960510253906,214.57818603515625,Syagrus (solid)
11.918097219837168,39.60331201021664,124.37460327148438,215.649169921875,Syagrus (solid)
11.945639957409357,39.31368154048988,124.66859436035156,216.3311767578125,Syagrus (solid)
11.964002258967188,38.859277409043685,124.86459350585938,217.40118408203125,Syagrus (solid)
11.991640774990476,38.40445855703943,125.15960693359375,218.47216796875,Syagrus (solid)
12.019183512562662,37.90843980959661,125.45359802246094,219.64016723632812,Syagrus (solid)
12.046727679663972,37.288413135288714,125.74760437011719,221.1001739501953,Syagrus (solid)
12.074364766158137,36.46157050268927,126.0426025390625,223.04718017578125,Syagrus (solid)
12.101907503730326,35.55191983866334,126.33659362792969,225.18917846679688,Syagrus (solid)
12.120269805288157,35.30391046494192,126.5325927734375,225.77317810058594,Syagrus (solid)
12.147813972389466,35.17990253807685,126.82659912109375,226.065185546875,Syagrus (solid)
12.175451058883631,34.766270621493746,127.12159729003906,227.0391845703125,Syagrus (solid)
12.20299522598494,34.47749551291796,127.41560363769531,227.71917724609375,Syagrus (solid)
12.230537963557127,34.1878650431912,127.7095947265625,228.40118408203125,Syagrus (solid)
12.258175050051294,33.81585422261344,128.0045928955078,229.2771759033203,Syagrus (solid)
12.276538781138246,33.071826101449204,128.2006072998047,231.0291748046875,Syagrus (solid)
12.304081518710435,32.61700076943624,128.49459838867188,232.1001739501953,Syagrus (solid)
12.331718605204602,31.996974095128344,128.7895965576172,233.5601806640625,Syagrus (solid)
12.35926277230591,31.666156689980443,129.08360290527344,234.33917236328125,Syagrus (solid)
12.386805509878096,31.33533280482382,129.37759399414062,235.11817932128906,Syagrus (solid)
12.414444025901384,30.921700888240714,129.672607421875,236.09217834472656,Syagrus (solid)
12.432806327459216,30.591304683659583,129.8686065673828,236.87017822265625,Syagrus (solid)
12.460349065031403,30.34329530993817,130.16259765625,237.4541778564453,Syagrus (solid)
12.487893232132711,30.095285936216754,130.45660400390625,238.03817749023438,Syagrus (solid)
12.515530318626878,30.260487278511683,130.75160217285156,237.649169921875,Syagrus (solid)
12.543073056199065,29.8884699779252,131.04559326171875,238.52517700195312,Syagrus (solid)
12.570617223300374,29.351257815052517,131.339599609375,239.79017639160156,Syagrus (solid)
12.589073873780185,28.565608597882928,131.53660583496094,241.6401824951172,Syagrus (solid)
12.616616611352372,28.069589850440103,131.83059692382812,242.8081817626953,Syagrus (solid)
12.64416077845368,27.242753697849377,132.12460327148438,244.7551727294922,Syagrus (solid)
12.671797864947846,26.74672847039783,132.4196014404297,245.92318725585938,Syagrus (solid)
12.699340602520033,25.878277701810475,132.71359252929688,247.96817016601562,Syagrus (solid)
12.717704333606987,25.50668808179948,132.90960693359375,248.84317016601562,Syagrus (solid)
12.745247071179174,24.96904823835131,133.20359802246094,250.1091766357422,Syagrus (solid)
12.77288415767334,24.26621353261693,133.49859619140625,251.76417541503906,Syagrus (solid)
12.80042832477465,23.43979858059297,133.7926025390625,253.71017456054688,Syagrus (solid)
12.827971062346837,22.488526820561688,134.0865936279297,255.95018005371094,Syagrus (solid)
12.855609578370125,21.662111868537732,134.38160705566406,257.89617919921875,Syagrus (solid)
12.873971879927955,21.207293016533484,134.57760620117188,258.9671630859375,Syagrus (solid)
12.901514617500144,20.62845975765545,134.87159729003906,260.3301696777344,Syagrus (solid)
12.92915170399431,20.173627945633765,135.16659545898438,261.40118408203125,Syagrus (solid)
12.956695871095619,19.843238221061352,135.46060180664062,262.1791687011719,Syagrus (solid)
12.984238608667805,19.388406409039664,135.7545928955078,263.25018310546875,Syagrus (solid)
13.011877124691093,18.85077304560021,136.0496063232422,264.51617431640625,Syagrus (solid)
13.030239426248924,18.27193978672218,136.24560546875,265.8791809082031,Syagrus (solid)
13.057782163821113,17.69353420841963,136.5395965576172,267.2411804199219,Syagrus (solid)
13.08532633092242,17.32151690783315,136.83360290527344,268.1171875,Syagrus (solid)
13.112963417416587,16.742696608972558,137.12860107421875,269.48016357421875,Syagrus (solid)
13.140507584517895,16.535880650681005,137.422607421875,269.9671630859375,Syagrus (solid)
13.168050322090082,15.626217026637631,137.7165985107422,272.10919189453125,Syagrus (solid)
13.186506972569893,14.84099549004353,137.91360473632812,273.95819091796875,Syagrus (solid)
13.214049710142081,14.510178084895632,138.2075958251953,274.7371826171875,Syagrus (solid)
13.241593877243389,14.055359232891384,138.50160217285156,275.80816650390625,Syagrus (solid)
13.269230963737556,13.187323184862077,138.79660034179688,277.8521728515625,Syagrus (solid)
13.296775130838864,12.980507226570523,139.09060668945312,278.33917236328125,Syagrus (solid)
13.324317868411052,12.443288583689117,139.3845977783203,279.60418701171875,Syagrus (solid)
13.342774518890861,12.030084347681498,139.58160400390625,280.5771789550781,Syagrus (solid)
13.37031725646305,11.410064153382324,139.87559509277344,282.03717041015625,Syagrus (solid)
13.397861423564358,11.078819067658937,140.1696014404297,282.8171691894531,Syagrus (solid)
13.425498510058524,10.748416383069085,140.464599609375,283.5951843261719,Syagrus (solid)
13.453042677159832,10.624414936212737,140.75860595703125,283.8871765136719,Syagrus (solid)
13.48058541473202,10.748416383069085,141.05259704589844,283.5951843261719,Syagrus (solid)
13.498947716289852,10.58280032021611,141.24859619140625,283.98516845703125,Syagrus (solid)
13.526584802784019,10.58280032021611,141.54359436035156,283.98516845703125,Syagrus (solid)
13.554128969885326,10.624414936212737,141.8376007080078,283.8871765136719,Syagrus (solid)
13.581673136986636,10.996432236799217,142.13160705566406,283.01116943359375,Syagrus (solid)
13.6093102234808,10.954804660785152,142.42660522460938,283.10919189453125,Syagrus (solid)
13.627672525038633,10.954804660785152,142.6226043701172,283.10919189453125,Syagrus (solid)
13.65521526261082,11.078819067658937,142.91659545898438,282.8171691894531,Syagrus (solid)
13.682852349104987,11.161620619076706,143.2115936279297,282.6221923828125,Syagrus (solid)
13.710396516206295,11.28563502595049,143.50559997558594,282.3301696777344,Syagrus (solid)
13.737940683307604,11.037619172220358,143.7996063232422,282.9141845703125,Syagrus (solid)
13.76557776980177,10.996432236799217,144.0946044921875,283.01116943359375,Syagrus (solid)
13.783940071359602,11.037619172220358,144.2906036376953,282.9141845703125,Syagrus (solid)
13.811482808931789,10.748416383069085,144.5845947265625,283.5951843261719,Syagrus (solid)
13.839026976033098,10.458785913342325,144.87860107421875,284.2771911621094,Syagrus (solid)
13.866664062527265,10.169583124191051,145.17359924316406,284.95819091796875,Syagrus (solid)
13.894208229628573,9.921580230478359,145.4676055908203,285.54217529296875,Syagrus (solid)
13.92175096720076,9.962767165899498,145.7615966796875,285.4451904296875,Syagrus (solid)
13.94020761768057,9.879965614481732,145.95860290527344,285.6401672363281,Syagrus (solid)
13.96775035525276,9.714764272186805,146.25259399414062,286.0291748046875,Syagrus (solid)
13.995294522354067,9.549562929891879,146.54660034179688,286.4181823730469,Syagrus (solid)
14.022931608848234,9.549562929891879,146.8415985107422,286.4181823730469,Syagrus (solid)
14.050475775949542,9.83876571904315,147.13560485839844,285.7371826171875,Syagrus (solid)
14.078018513521728,10.004394741913565,147.42959594726562,285.34716796875,Syagrus (solid)
14.096380815079561,10.004394741913565,147.62559509277344,285.34716796875,Syagrus (solid)
14.124017901573728,10.21078301962963,147.92059326171875,284.8611755371094,Syagrus (solid)
14.151562068675036,10.83123089450429,148.214599609375,283.4001770019531,Syagrus (solid)
14.179106235776343,11.492450984242044,148.50860595703125,281.8431701660156,Syagrus (solid)
14.20674332227051,11.864468284828524,148.80360412597656,280.9671630859375,Syagrus (solid)
14.234286059842697,11.988469731684871,149.09759521484375,280.6751708984375,Syagrus (solid)
14.25264836140053,12.154085794537846,149.29359436035156,280.2851867675781,Syagrus (solid)
14.280285447894697,12.40167396769249,149.58859252929688,279.7021789550781,Syagrus (solid)
14.307829614996004,12.526103095124325,149.88259887695312,279.4091796875,Syagrus (solid)
14.335373782097314,12.691304437419252,150.17660522460938,279.0201721191406,Syagrus (solid)
14.363010868591479,12.567302990562904,150.4716033935547,279.3121643066406,Syagrus (solid)
14.390553606163667,12.484488479127698,150.76559448242188,279.5071716308594,Syagrus (solid)
14.408915907721498,12.484488479127698,150.9615936279297,279.5071716308594,Syagrus (solid)
14.436460074822808,12.112471178541218,151.25559997558594,280.3831787109375,Syagrus (solid)
14.464097161316973,12.112471178541218,151.55059814453125,280.3831787109375,Syagrus (solid)
14.491641328418282,12.154085794537846,151.8446044921875,280.2851867675781,Syagrus (solid)
14.51918406599047,12.071284243120077,152.1385955810547,280.48016357421875,Syagrus (solid)
14.53764071647028,11.740453877954739,152.33560180664062,281.2591857910156,Syagrus (solid)
14.565183454042467,11.368436577368259,152.6295928955078,282.13519287109375,Syagrus (solid)
14.592727621143776,11.078819067658937,152.92359924316406,282.8171691894531,Syagrus (solid)
14.620364707637941,10.913617725364011,153.21859741210938,283.2061767578125,Syagrus (solid)
14.647908874739251,10.872430789942872,153.51260375976562,283.30316162109375,Syagrus (solid)
14.675451612311438,10.996432236799217,153.8065948486328,283.01116943359375,Syagrus (solid)
14.69381391386927,11.078819067658937,154.00259399414062,282.8171691894531,Syagrus (solid)
14.721452429892556,11.327249641947118,154.297607421875,282.232177734375,Syagrus (solid)
14.748995167464745,11.451251088803465,154.5915985107422,281.940185546875,Syagrus (solid)
14.776539334566053,11.533637919663185,154.88560485839844,281.7461853027344,Syagrus (solid)
14.80417642106022,11.244435130511912,155.18060302734375,282.42718505859375,Syagrus (solid)
14.831719158632406,11.037619172220358,155.47459411621094,282.9141845703125,Syagrus (solid)
14.85008146019024,11.20324819509077,155.67059326171875,282.524169921875,Syagrus (solid)
14.877719976213525,11.533637919663185,155.96560668945312,281.7461853027344,Syagrus (solid)
14.905262713785714,11.699266942533598,156.2595977783203,281.3561706542969,Syagrus (solid)
14.932806880887021,11.616452431098391,156.55360412597656,281.5511779785156,Syagrus (solid)
14.960443967381188,11.410064153382324,156.84860229492188,282.03717041015625,Syagrus (solid)
14.987986704953375,11.20324819509077,157.14259338378906,282.524169921875,Syagrus (solid)
15.006349006511208,10.954804660785152,157.33859252929688,283.10919189453125,Syagrus (solid)
15.033893173612515,10.748416383069085,157.63259887695312,283.5951843261719,Syagrus (solid)
15.061530260106682,10.541600424777531,157.92759704589844,284.0821838378906,Syagrus (solid)
15.08907442720799,10.748416383069085,158.2216033935547,283.5951843261719,Syagrus (solid)
15.116617164780179,10.624414936212737,158.51559448242188,283.8871765136719,Syagrus (solid)
15.144254251274344,10.128396188769912,158.8105926513672,285.05517578125,Syagrus (solid)
15.162617982361297,10.045581677334704,159.00660705566406,285.25018310546875,Syagrus (solid)
15.190160719933484,10.25239763562626,159.30059814453125,284.76318359375,Syagrus (solid)
15.217797806427651,10.25239763562626,159.59559631347656,284.76318359375,Syagrus (solid)
15.245341973528959,10.293597531064838,159.8896026611328,284.6661682128906,Syagrus (solid)
15.272884711101147,10.376399082482605,160.18359375,284.47119140625,Syagrus (solid)
15.300523227124433,10.376399082482605,160.47860717773438,284.47119140625,Syagrus (solid)
15.318885528682266,10.499985808780904,160.6746063232422,284.18017578125,Syagrus (solid)
15.346428266254453,10.58280032021611,160.96859741210938,283.98516845703125,Syagrus (solid)
15.37406535274862,10.169583124191051,161.2635955810547,284.95819091796875,Syagrus (solid)
15.401609519849929,10.004394741913565,161.55760192871094,285.34716796875,Syagrus (solid)
15.429152257422116,10.21078301962963,161.85159301757812,284.8611755371094,Syagrus (solid)
15.456696424523424,10.417598977921184,162.14559936523438,284.3741760253906,Syagrus (solid)
15.475153075003234,10.499985808780904,162.3426055908203,284.18017578125,Syagrus (solid)
15.502695812575423,10.293597531064838,162.6365966796875,284.6661682128906,Syagrus (solid)
15.53023997967673,10.293597531064838,162.93060302734375,284.6661682128906,Syagrus (solid)
15.557877066170898,9.797578783622011,163.22560119628906,285.83416748046875,Syagrus (solid)
15.585421233272205,9.508375994470738,163.5196075439453,286.5151672363281,Syagrus (solid)
15.603783534830038,9.508375994470738,163.71560668945312,286.5151672363281,Syagrus (solid)
15.631420621324203,9.425561483035532,164.01060485839844,286.7101745605469,Syagrus (solid)
15.658963358896392,9.590762825330458,164.30459594726562,286.3211669921875,Syagrus (solid)
15.6865075259977,9.755951207607945,164.59860229492188,285.93218994140625,Syagrus (solid)
15.714144612491866,10.169583124191051,164.8936004638672,284.95819091796875,Syagrus (solid)
15.741688779593174,10.293597531064838,165.18760681152344,284.6661682128906,Syagrus (solid)
15.760051081151007,10.376399082482605,165.38360595703125,284.47119140625,Syagrus (solid)
15.787593818723193,10.376399082482605,165.67759704589844,284.47119140625,Syagrus (solid)
15.81523090521736,10.25239763562626,165.97259521484375,284.76318359375,Syagrus (solid)
15.842775072318668,10.169583124191051,166.2666015625,284.95819091796875,Syagrus (solid)
15.870317809890857,10.376399082482605,166.5605926513672,284.47119140625,Syagrus (solid)
15.897956325914143,10.499985808780904,166.85560607910156,284.18017578125,Syagrus (solid)
15.916318627471975,10.417598977921184,167.05160522460938,284.3741760253906,Syagrus (solid)
15.943861365044162,10.499985808780904,167.34559631347656,284.18017578125,Syagrus (solid)
15.971498451538329,10.541600424777531,167.64059448242188,284.0821838378906,Syagrus (solid)
15.999042618639637,10.045581677334704,167.93460083007812,285.25018310546875,Syagrus (solid)
16.026586785740946,9.83876571904315,168.22860717773438,285.7371826171875,Syagrus (solid)
16.054223872235113,9.714764272186805,168.5236053466797,286.0291748046875,Syagrus (solid)
16.072586173792946,9.094744077887631,168.7196044921875,287.4891662597656,Syagrus (solid)
16.100128911365132,8.598725330444804,169.0135955810547,288.65716552734375,Syagrus (solid)
16.12767307846644,8.350709476714671,169.30760192871094,289.2411804199219,Syagrus (solid)
16.155310164960607,8.515910819009598,169.60260009765625,288.8521728515625,Syagrus (solid)
16.182854332061915,7.937077560131565,169.8966064453125,290.2151794433594,Syagrus (solid)
16.2103970696341,7.730689282415498,170.1905975341797,290.701171875,Syagrus (solid)
16.228853720113914,7.771876217836638,170.38760375976562,290.60418701171875,Syagrus (solid)
16.2563964576861,7.606687835559152,170.6815948486328,290.9931640625,Syagrus (solid)
16.28394062478741,7.358671981829019,170.97560119628906,291.5771789550781,Syagrus (solid)
16.311577711281576,7.069041512102259,171.27059936523438,292.2591857910156,Syagrus (solid)
16.339121878382883,6.862653234386192,171.56460571289062,292.74517822265625,Syagrus (solid)
16.366664615955074,6.573022764659432,171.8585968017578,293.42718505859375,Syagrus (solid)
16.385026917512903,6.614222660098012,172.05459594726562,293.3301696777344,Syagrus (solid)
16.41266400400707,6.407834382381945,172.34959411621094,293.816162109375,Syagrus (solid)
16.440208171108377,6.779838722950986,172.6436004638672,292.940185546875,Syagrus (solid)
16.46775233820969,7.151856023537465,172.93760681152344,292.0641784667969,Syagrus (solid)
16.495389424703852,7.275857470393812,173.23260498046875,291.7721862792969,Syagrus (solid)
16.513751726261685,7.234242854397185,173.42860412597656,291.87017822265625,Syagrus (solid)
16.54129446383387,7.275857470393812,173.72259521484375,291.7721862792969,Syagrus (solid)
16.56893155032804,7.523873324123945,174.01759338378906,291.18817138671875,Syagrus (solid)
16.596475717429346,7.771876217836638,174.3115997314453,290.60418701171875,Syagrus (solid)
16.624019884530657,7.565487940120573,174.60560607910156,291.0901794433594,Syagrus (solid)
16.65165697102482,7.482673428685366,174.90060424804688,291.2851867675781,Syagrus (solid)
16.670019272582653,7.523873324123945,175.0966033935547,291.18817138671875,Syagrus (solid)
16.69756201015484,7.151856023537465,175.39059448242188,292.0641784667969,Syagrus (solid)
16.72510617725615,6.945040065245911,175.68460083007812,292.5511779785156,Syagrus (solid)
16.752743263750318,6.821038618389565,175.97959899902344,292.8431701660156,Syagrus (solid)
16.780287430851626,6.531835829238291,176.2736053466797,293.524169921875,Syagrus (solid)
16.807830168423813,6.0353894012199785,176.56759643554688,294.69317626953125,Syagrus (solid)
16.826286818903622,5.6221851652123584,176.7646026611328,295.6661682128906,Syagrus (solid)
16.853829556475812,5.374169311482225,177.05859375,296.25018310546875,Syagrus (solid)
16.88137372357712,5.002152010895746,177.35260009765625,297.1261901855469,Syagrus (solid)
16.909010810071287,4.630147670326705,177.64759826660156,298.0021667480469,Syagrus (solid)
16.936554977172595,4.3409448811754325,177.9416046142578,298.68316650390625,Syagrus (solid)
16.96409771474478,4.134128922883878,178.235595703125,299.170166015625,Syagrus (solid)
16.98255436522459,4.051314411448672,178.43260192871094,299.36517333984375,Syagrus (solid)
17.01009710279678,3.9273129645923253,178.72659301757812,299.65716552734375,Syagrus (solid)
17.03764126989809,3.8861130691537458,179.02059936523438,299.7541809082031,Syagrus (solid)
17.065184007470275,3.9273129645923253,179.31459045410156,299.65716552734375,Syagrus (solid)
17.092821093964442,4.010114516010093,179.60958862304688,299.4621887207031,Syagrus (solid)
17.12036526106575,4.092501346869812,179.90359497070312,299.2681884765625,Syagrus (solid)
17.138727562623583,4.2169304743016465,180.09959411621094,298.9751892089844,Syagrus (solid)
17.16636464911775,4.134128922883878,180.39459228515625,299.170166015625,Syagrus (solid)
17.193908816219057,4.423331712035152,180.6885986328125,298.4891662597656,Syagrus (solid)
17.221451553791244,4.5885200943126385,180.9825897216797,298.1001892089844,Syagrus (solid)
17.24909006981453,4.547333158891498,181.27760314941406,298.1971740722656,Syagrus (solid)
17.27663280738672,4.299317305161366,181.57159423828125,298.78118896484375,Syagrus (solid)
17.29499510894455,4.423331712035152,181.76759338378906,298.4891662597656,Syagrus (solid)
17.322632195438718,4.423331712035152,182.06259155273438,298.4891662597656,Syagrus (solid)
17.350176362540026,4.010114516010093,182.35659790039062,299.4621887207031,Syagrus (solid)
17.377719100112213,3.6792971108621924,182.6505889892578,300.2411804199219,Syagrus (solid)
17.40526326721352,3.5552956640058455,182.94459533691406,300.5331726074219,Syagrus (solid)
17.423719917693333,3.5552956640058455,183.1416015625,300.5331726074219,Syagrus (solid)
17.45126265526552,3.638110175441052,183.4355926513672,300.3381652832031,Syagrus (solid)
17.478806822366828,3.4312942171494987,183.72959899902344,300.8251647949219,Syagrus (solid)
17.506443908860994,3.100463851984159,184.02459716796875,301.60418701171875,Syagrus (solid)
17.533988075962302,2.7284595114151187,184.318603515625,302.48016357421875,Syagrus (solid)
17.56153081353449,2.5220582736816133,184.6125946044922,302.9661865234375,Syagrus (solid)
17.5799874640143,2.356442210828639,184.80960083007812,303.3561706542969,Syagrus (solid)
17.60753020158649,2.356442210828639,185.1035919189453,303.3561706542969,Syagrus (solid)
17.635074368687796,2.1908131879582258,185.39759826660156,303.7461853027344,Syagrus (solid)
17.662711455181963,2.398056826825266,185.69259643554688,303.2581787109375,Syagrus (solid)
17.69025562228327,2.5220582736816133,185.98660278320312,302.9661865234375,Syagrus (solid)
17.717798359855458,2.398056826825266,186.2805938720703,303.2581787109375,Syagrus (solid)
17.73616066141329,2.2736276993934323,186.47659301757812,303.5511779785156,Syagrus (solid)
17.763797747907457,2.3152423153900594,186.77159118652344,303.45318603515625,Syagrus (solid)
17.791341915008765,2.4392567222638455,187.0655975341797,303.1611633300781,Syagrus (solid)
17.81888465258095,2.5220582736816133,187.35958862304688,302.9661865234375,Syagrus (solid)
17.84652316860424,2.6044451045413326,187.65460205078125,302.7721862792969,Syagrus (solid)
17.874065906176426,2.398056826825266,187.94859313964844,303.2581787109375,Syagrus (solid)
17.89242820773426,2.108426357098506,188.14459228515625,303.940185546875,Syagrus (solid)
17.920065294228426,2.398056826825266,188.43959045410156,303.2581787109375,Syagrus (solid)
17.947609461329733,2.687259615976539,188.7335968017578,302.5771789550781,Syagrus (solid)
17.97515362843104,2.1496262525370855,189.02760314941406,303.8431701660156,Syagrus (solid)
18.002790714925208,2.356442210828639,189.32260131835938,303.3561706542969,Syagrus (solid)
18.030333452497395,2.356442210828639,189.61659240722656,303.3561706542969,Syagrus (solid)
18.048695754055228,2.769646446836259,189.81259155273438,302.3831787109375,Syagrus (solid)
18.076239921156535,3.0180770211244394,190.10659790039062,301.7981872558594,Syagrus (solid)
18.103877007650702,2.6044451045413326,190.40159606933594,302.7721862792969,Syagrus (solid)
18.13142117475201,2.769646446836259,190.6956024169922,302.3831787109375,Syagrus (solid)
18.1589639123242,3.059276916563019,190.98959350585938,301.701171875,Syagrus (solid)
18.186600998818363,3.3072798102757126,191.2845916748047,301.1171875,Syagrus (solid)
18.204963300376196,3.1832783634193658,191.4805908203125,301.4091796875,Syagrus (solid)
18.232507467477504,3.2660928748545723,191.77459716796875,301.21417236328125,Syagrus (solid)
18.26014455397167,3.472481152570639,192.06959533691406,300.7281799316406,Syagrus (solid)
18.287688721072982,4.051314411448672,192.3636016845703,299.36517333984375,Syagrus (solid)
18.31523145864517,4.382131816596573,192.6575927734375,298.586181640625,Syagrus (solid)
18.342868545139336,4.506133263452919,192.9525909423828,298.294189453125,Syagrus (solid)
18.361230846697165,4.506133263452919,193.14859008789062,298.294189453125,Syagrus (solid)
18.388775013798476,4.6713346057478455,193.44259643554688,297.9051818847656,Syagrus (solid)
18.416319180899784,4.712534501186425,193.73660278320312,297.80816650390625,Syagrus (solid)
18.44395626739395,4.506133263452919,194.03160095214844,298.294189453125,Syagrus (solid)
18.471499004966137,4.630147670326705,194.32559204101562,298.0021667480469,Syagrus (solid)
18.48986130652397,4.836963628618259,194.52159118652344,297.5151672363281,Syagrus (solid)
18.517498393018133,5.291354800047019,194.81658935546875,296.4451904296875,Syagrus (solid)
18.545042560119445,5.829001123503912,195.110595703125,295.1791687011719,Syagrus (solid)
18.572586727220752,6.118203912655185,195.40460205078125,294.4981689453125,Syagrus (solid)
18.60022381371492,6.118203912655185,195.69960021972656,294.4981689453125,Syagrus (solid)
18.627766551287106,6.655409595519152,195.99359130859375,293.2331848144531,Syagrus (solid)
18.64612885284494,7.234242854397185,196.18959045410156,291.87017822265625,Syagrus (solid)
18.673673019946246,7.937077560131565,196.4835968017578,290.2151794433594,Syagrus (solid)
18.701310106440413,8.226708029858324,196.77859497070312,289.5331726074219,Syagrus (solid)
18.72885427354172,8.309522541293532,197.07260131835938,289.3381652832031,Syagrus (solid)
18.756397011113908,8.764341393297778,197.36659240722656,288.2671813964844,Syagrus (solid)
18.784034097608075,9.053544182449052,197.66159057617188,287.586181640625,Syagrus (solid)
18.802396399165907,9.1775456293054,197.8575897216797,287.294189453125,Syagrus (solid)
18.829940566267215,9.384361587596953,198.15159606933594,286.80718994140625,Syagrus (solid)
18.857577652761382,9.962767165899498,198.44659423828125,285.4451904296875,Syagrus (solid)
18.88512181986269,10.541600424777531,198.7406005859375,284.0821838378906,Syagrus (solid)
18.912664557434876,10.872430789942872,199.0345916748047,283.30316162109375,Syagrus (solid)
18.940301643929043,10.83123089450429,199.32958984375,283.4001770019531,Syagrus (solid)
18.958663945486876,10.83123089450429,199.5255889892578,283.4001770019531,Syagrus (solid)
18.986208112588184,10.872430789942872,199.81959533691406,283.30316162109375,Syagrus (solid)
19.01375227968949,11.161620619076706,200.1136016845703,282.6221923828125,Syagrus (solid)
19.041389366183658,11.533637919663185,200.40859985351562,281.7461853027344,Syagrus (solid)
19.068932103755845,11.781653773393318,200.7025909423828,281.16217041015625,Syagrus (solid)
19.096476270857153,11.947269836246292,200.99659729003906,280.7721862792969,Syagrus (solid)
19.114932921336965,12.236472625397564,201.193603515625,280.0911865234375,Syagrus (solid)
19.142475658909152,12.443288583689117,201.4875946044922,279.60418701171875,Syagrus (solid)
19.17001982601046,12.567302990562904,201.78160095214844,279.3121643066406,Syagrus (solid)
19.197656912504627,12.774118948854458,202.07659912109375,278.8251647949219,Syagrus (solid)
19.225199650076814,13.228937800858704,202.37059020996094,277.7541809082031,Syagrus (solid)
19.25274381717812,13.435326078574771,202.6645965576172,277.2681884765625,Syagrus (solid)
19.271200467657934,13.848957995157878,202.86160278320312,276.294189453125,Syagrus (solid)
19.29874320523012,14.262175191182937,203.1555938720703,275.3211669921875,Syagrus (solid)
19.32628737233143,14.634179531751977,203.44960021972656,274.4451904296875,Syagrus (solid)
19.353830109903615,14.758193938625764,203.74359130859375,274.1531677246094,Syagrus (solid)
19.381467196397782,15.047396727777038,204.03858947753906,273.47216796875,Syagrus (solid)
19.399829497955615,15.419828748921564,204.23458862304688,272.5951843261719,Syagrus (solid)
19.427373665056923,15.750659114086904,204.52859497070312,271.816162109375,Syagrus (solid)
19.45501075155109,16.28786479695087,204.82359313964844,270.5511779785156,Syagrus (solid)
19.482554918652397,16.825070479814837,205.1175994873047,269.28619384765625,Syagrus (solid)
19.510097656224584,17.527918145566655,205.41159057617188,267.63116455078125,Syagrus (solid)
19.53773474271875,17.899922486135697,205.7065887451172,266.75518798828125,Syagrus (solid)
19.556098473805704,18.39636891415401,205.90260314941406,265.586181640625,Syagrus (solid)
19.58364121137789,19.099203619888392,206.19659423828125,263.9311828613281,Syagrus (solid)
19.611278297872058,19.677609198190936,206.49159240722656,262.5691833496094,Syagrus (solid)
19.638822464973366,20.463258415360524,206.7855987548828,260.71917724609375,Syagrus (solid)
19.666365202545553,21.166093121094903,207.07958984375,259.0641784667969,Syagrus (solid)
19.69400371856884,21.579297357102522,207.37460327148438,258.0911865234375,Syagrus (solid)
19.712366020126673,21.868500146253798,207.5706024169922,257.4101867675781,Syagrus (solid)
19.73990875769886,22.158130615980557,207.86459350585938,256.7281799316406,Syagrus (solid)
19.767452924800168,22.860965321714936,208.15859985351562,255.07318115234375,Syagrus (solid)
19.795090011294334,23.52218541145269,208.45359802246094,253.51617431640625,Syagrus (solid)
19.822632748866525,24.390214979473278,208.74758911132812,251.47218322753906,Syagrus (solid)
19.850176915967833,25.093056165216375,209.04159545898438,249.81716918945312,Syagrus (solid)
19.86863356644764,25.795890870950757,209.2386016845703,248.16217041015625,Syagrus (solid)
19.89617630401983,26.539912512106277,209.5325927734375,246.41018676757812,Syagrus (solid)
19.92372047112114,27.366755144705724,209.82659912109375,244.4631805419922,Syagrus (solid)
19.951357557615303,27.77996586072206,210.12159729003906,243.49017333984375,Syagrus (solid)
19.978901724716614,28.317599224161516,210.4156036376953,242.22418212890625,Syagrus (solid)
20.0064444622888,29.020433929895898,210.7095947265625,240.56918334960938,Syagrus (solid)
20.024806763846634,29.64046060420379,210.9055938720703,239.1091766357422,Syagrus (solid)
20.052443850340797,30.095285936216754,211.20059204101562,238.03817749023438,Syagrus (solid)
20.07998801744211,30.880507472810855,211.49459838867188,236.18917846679688,Syagrus (solid)
20.107530755014295,31.500527667110028,211.78858947753906,234.72918701171875,Syagrus (solid)
20.135169271037583,31.996974095128344,212.08360290527344,233.5601806640625,Syagrus (solid)
20.16271200860977,32.823389047152304,212.37759399414062,231.6141815185547,Syagrus (solid)
20.181074310167602,33.60903826432189,212.57359313964844,229.76417541503906,Syagrus (solid)
20.208711396661766,34.105057011764714,212.86859130859375,228.59617614746094,Syagrus (solid)
20.236255563763077,34.807891717499096,213.16259765625,226.94117736816406,Syagrus (solid)
20.263798301335264,35.46910532722813,213.4565887451172,225.38418579101562,Syagrus (solid)
20.29143681735855,35.79992921238475,213.75160217285156,224.6051788330078,Syagrus (solid)
20.30979911891638,36.42037708725941,213.94760131835938,223.14418029785156,Syagrus (solid)
20.33734185648857,37.08159069698844,214.24159240722656,221.58718872070312,Syagrus (solid)
20.36488602358988,37.74323846730168,214.5355987548828,220.0291748046875,Syagrus (solid)
20.392523110084046,38.52846000389578,214.83059692382812,218.18017578125,Syagrus (solid)
20.420067277185353,39.23129470963016,215.12460327148438,216.52517700195312,Syagrus (solid)
20.44761001475754,39.8101279685082,215.41859436035156,215.16217041015625,Syagrus (solid)
20.46606666523735,40.84378007939048,215.6156005859375,212.72817993164062,Syagrus (solid)
20.49360940280954,41.54618710454937,215.9095916748047,211.07418823242188,Syagrus (solid)
20.521153569910847,42.207834874862606,216.20359802246094,209.51617431640625,Syagrus (solid)
20.548790656405014,42.91066958059699,216.49859619140625,207.86117553710938,Syagrus (solid)
20.576334823506322,43.57188967033474,216.7926025390625,206.30416870117188,Syagrus (solid)
20.60387756107851,44.811930058933086,217.0865936279297,203.38418579101562,Syagrus (solid)
20.62223986263634,45.84558864982409,217.2825927734375,200.95018005371094,Syagrus (solid)
20.64987694913051,46.713618217844676,217.5775909423828,198.90618896484375,Syagrus (solid)
20.677421116231816,47.41645940358777,217.87159729003906,197.2511749267578,Syagrus (solid)
20.704965283333124,48.20168094018187,218.1656036376953,195.4021759033203,Syagrus (solid)
20.73260236982729,49.02852357278132,218.46060180664062,193.45516967773438,Syagrus (solid)
20.760145107399477,49.896974341368676,218.7545928955078,191.41018676757812,Syagrus (solid)
20.77850740895731,50.8473972202577,218.95059204101562,189.17218017578125,Syagrus (solid)
20.806144495451477,51.30222255227066,219.24559020996094,188.10118103027344,Syagrus (solid)
20.833688662552785,51.92224922657856,219.5395965576172,186.64117431640625,Syagrus (solid)
20.861232829654092,52.95590133746084,219.83360290527344,184.20718383789062,Syagrus (solid)
20.88886991614826,53.74155055463043,220.12860107421875,182.357177734375,Syagrus (solid)
20.916412653720446,54.56796550665439,220.42259216308594,180.4111785888672,Syagrus (solid)
20.93477495527828,55.519237266685664,220.61859130859375,178.17117309570312,Syagrus (solid)
20.962319122379586,56.345652218709624,220.91259765625,176.2251739501953,Syagrus (solid)
20.989956208873753,57.131294955870494,221.2075958251953,174.37518310546875,Syagrus (solid)
21.01750037597506,58.082139035326286,221.50160217285156,172.1361846923828,Syagrus (solid)
21.045043113547248,59.239377872506864,221.79559326171875,169.4111785888672,Syagrus (solid)
21.072680200041415,60.190221951962656,222.09059143066406,167.17218017578125,Syagrus (solid)
21.091042501599247,61.84390073715283,222.28659057617188,163.27818298339844,Syagrus (solid)
21.118586668700555,63.20838321320045,222.58059692382812,160.06517028808594,Syagrus (solid)
21.146223755194722,65.27526623439825,222.87559509277344,155.19818115234375,Syagrus (solid)
21.17376792229603,67.54854401332082,223.1696014404297,149.84518432617188,Syagrus (solid)
21.201310659868216,70.19468797397214,223.46359252929688,143.6141815185547,Syagrus (solid)
21.21976731034803,73.17080693863781,223.6605987548828,136.60617065429688,Syagrus (solid)
21.247310047920216,75.73370870727844,223.95458984375,130.57118225097656,Syagrus (solid)
21.274854215021524,78.54505401022467,224.24859619140625,123.951171875,Syagrus (solid)
21.30239838212283,81.5215876954484,224.5426025390625,116.94218444824219,Syagrus (solid)
21.330035468616998,84.74571603383549,224.8376007080078,109.35017395019531,Syagrus (solid)
21.35757820618919,87.9290721573595,225.131591796875,101.85417175292969,Syagrus (solid)
21.375940507747018,90.69878988429167,225.3275909423828,95.33218383789062,Syagrus (solid)
21.403577594241185,93.30331922894635,225.62258911132812,89.19917297363281,Syagrus (solid)
21.431121761342492,95.74221955073062,225.91659545898438,83.4561767578125,Syagrus (solid)
21.458665928443803,97.72672222107742,226.21060180664062,78.78317260742188,Syagrus (solid)
21.486303014937967,99.00796250511435,226.50559997558594,75.76617431640625,Syagrus (solid)
21.513845752510157,99.79360524227522,226.79959106445312,73.91618347167969,Syagrus (solid)
21.532208054067986,100.0,226.99559020996094,73.43017578125,Syagrus (solid)
21.559846570091274,99.5455958685538,227.2906036376953,74.50018310546875,Syagrus (solid)
21.58738930766346,98.51194375767152,227.5845947265625,76.93417358398438,Syagrus (solid)
21.614933474764772,97.0650809307729,227.87860107421875,80.34117126464844,Syagrus (solid)
21.64247621233696,95.45301676157935,228.17259216308594,84.13717651367188,Syagrus (solid)
21.670113298831126,93.38612726037285,228.46759033203125,89.00418090820312,Syagrus (solid)
21.688475600388955,91.07080718487815,228.66358947753906,94.4561767578125,Syagrus (solid)
21.716019767490266,89.04511109910149,228.9575958251953,99.22618103027344,Syagrus (solid)
21.74365685398443,86.97822807790371,229.25259399414062,104.09317016601562,Syagrus (solid)
21.77120102108574,84.99414660812367,229.54660034179688,108.76518249511719,Syagrus (solid)
21.798743758657928,82.88564249092053,229.84059143066406,113.73017883300781,Syagrus (solid)
21.826380845152094,80.81875298971403,230.13558959960938,118.59718322753906,Syagrus (solid)
21.844743146709924,79.16507420452385,230.3315887451172,122.49118041992188,Syagrus (solid)
21.872287313811235,77.96664843192212,230.62559509277344,125.31317138671875,Syagrus (solid)
21.899924400305398,77.18099921475255,230.92059326171875,127.16317749023438,Syagrus (solid)
21.92746856740671,76.56055133987789,231.214599609375,128.62417602539062,Syagrus (solid)
21.955011304978896,75.98214576157534,231.5085906982422,129.98617553710938,Syagrus (solid)
21.982648391473063,75.4861270141325,231.8035888671875,131.1541748046875,Syagrus (solid)
22.001012122560013,75.4033125026973,231.99960327148438,131.34918212890625,Syagrus (solid)
22.028554860132203,75.61012846098886,232.29359436035156,130.8621826171875,Syagrus (solid)
22.05609902723351,75.77532980328378,232.5876007080078,130.47317504882812,Syagrus (solid)
22.083736113727678,75.81652321871364,232.88259887695312,130.3761749267578,Syagrus (solid)
22.111278851299865,75.89933125014014,233.1765899658203,130.18118286132812,Syagrus (solid)
22.138823018401173,75.89933125014014,233.47059631347656,130.18118286132812,Syagrus (solid)
22.157279668880985,75.69251529184858,233.6676025390625,130.66818237304688,Syagrus (solid)
22.184822406453172,75.15530312897589,233.9615936279297,131.9331817626953,Syagrus (solid)
22.21236657355448,74.70047779696293,234.25559997558594,133.00418090820312,Syagrus (solid)
22.240003660048647,74.45246842324151,234.55059814453125,133.5881805419922,Syagrus (solid)
22.267546397620833,74.36966039181502,234.84458923339844,133.78317260742188,Syagrus (solid)
22.285910128707787,73.8736416443722,235.0406036376953,134.951171875,Syagrus (solid)
22.313452866279974,73.37762289692937,235.3345947265625,136.11917114257812,Syagrus (solid)
22.34108995277414,73.00560559634289,235.6295928955078,136.99517822265625,Syagrus (solid)
22.36863411987545,72.84041073405669,235.92359924316406,137.38417053222656,Syagrus (solid)
22.396176857447635,72.34438550660514,236.21759033203125,138.55218505859375,Syagrus (solid)
22.423815373470923,71.64155080087076,236.51260375976562,140.20718383789062,Syagrus (solid)
22.442177675028756,70.97990951056623,236.70860290527344,141.7651824951172,Syagrus (solid)
22.469720412600942,70.48389076312341,237.00259399414062,142.9331817626953,Syagrus (solid)
22.49735749909511,70.11187994254566,237.29759216308594,143.80917358398438,Syagrus (solid)
22.524901666196417,69.45023865224113,237.5915985107422,145.36717224121094,Syagrus (solid)
22.552444403768604,68.83021197793323,237.88558959960938,146.82717895507812,Syagrus (solid)
22.58008291979189,68.21019178363406,238.18060302734375,148.28717041015625,Syagrus (solid)
22.598445221349724,67.87936789847744,238.37660217285156,149.06617736816406,Syagrus (solid)
22.62598795892191,67.59016510932616,238.67059326171875,149.74717712402344,Syagrus (solid)
22.65353212602322,67.21814780873969,238.964599609375,150.62318420410156,Syagrus (solid)
22.681169212517386,66.68051444530023,239.2595977783203,151.88917541503906,Syagrus (solid)
22.708711950089572,65.97767973956586,239.5535888671875,153.54417419433594,Syagrus (solid)
22.73625611719088,65.06845027610669,239.84759521484375,155.6851806640625,Syagrus (solid)
22.754712767670693,63.99360474979455,240.0446014404297,158.21617126464844,Syagrus (solid)
22.78225550524288,63.29076356405145,240.33859252929688,159.87118530273438,Syagrus (solid)
22.809799672344187,62.215918037739314,240.63259887695312,162.4021759033203,Syagrus (solid)
22.837436758838354,61.47188991657507,240.92759704589844,164.1541748046875,Syagrus (solid)
22.864980925939662,60.89305665769704,241.2216033935547,165.51718139648438,Syagrus (solid)
22.892523663511852,59.90101916281139,241.51559448242188,167.85317993164062,Syagrus (solid)
22.91088596506968,58.991368498785455,241.7115936279297,169.99517822265625,Syagrus (solid)
22.93852305156385,58.28895499361784,242.006591796875,171.64918518066406,Syagrus (solid)
22.966067218665156,57.79251504560825,242.30059814453125,172.81817626953125,Syagrus (solid)
22.993609956237346,57.048486924444006,242.59458923339844,174.57017517089844,Syagrus (solid)
23.02124847226063,56.13925746098484,242.8896026611328,176.711181640625,Syagrus (solid)
23.04879120983282,55.43642275525046,243.18359375,178.36618041992188,Syagrus (solid)
23.06715351139065,54.81640256095129,243.3795928955078,179.826171875,Syagrus (solid)
23.094790597884817,54.32038381350846,243.67459106445312,180.99417114257812,Syagrus (solid)
23.122334764986125,53.53473459633887,243.96859741210938,182.84417724609375,Syagrus (solid)
23.149878932087436,52.70789844374814,244.26260375976562,184.79116821289062,Syagrus (solid)
23.177478850824457,51.715718388670666,244.5572052001953,187.12750244140625,Syagrus (solid)
23.19584115238229,50.888875756071215,244.75320434570312,189.0745086669922,Syagrus (solid)
23.223478238876456,49.938031676615424,245.04820251464844,191.31350708007812,Syagrus (solid)
23.251022405977764,48.61517677658187,245.3422088623047,194.42849731445312,Syagrus (solid)
23.27856514354995,47.66475389769285,245.63619995117188,196.66650390625,Syagrus (solid)
23.306202230044118,46.42427934851029,245.9311981201172,199.58750915527344,Syagrus (solid)
23.333746397145426,45.34943382219815,246.22520446777344,202.11849975585938,Syagrus (solid)
23.35210869870326,44.23296719988066,246.42120361328125,204.74749755859375,Syagrus (solid)
23.379652865804566,43.24135090556178,246.7152099609375,207.08250427246094,Syagrus (solid)
23.407289952298733,42.786525573548815,247.0102081298828,208.15350341796875,Syagrus (solid)
23.43483268987092,41.711673567227955,247.30419921875,210.68450927734375,Syagrus (solid)
23.462376856972227,41.21565481978512,247.59820556640625,211.85250854492188,Syagrus (solid)
23.490013943466394,40.59563462548595,247.89320373535156,213.3125,Syagrus (solid)
23.508376245024227,39.97560795117806,248.08920288085938,214.7725067138672,Syagrus (solid)
23.535920412125535,39.644362865454674,248.38320922851562,215.55250549316406,Syagrus (solid)
23.5635574986197,39.3551600763034,248.67820739746094,216.23350524902344,Syagrus (solid)
23.59110023619189,39.10715070258198,248.97219848632812,216.8175048828125,Syagrus (solid)
23.618644403293196,38.735139882004226,249.26620483398438,217.69349670410156,Syagrus (solid)
23.646281489787363,38.735139882004226,249.5612030029297,217.69349670410156,Syagrus (solid)
23.664643791345195,38.5699385397093,249.7572021484375,218.08250427246094,Syagrus (solid)
23.692187958446503,38.61113195513916,250.05120849609375,217.98550415039062,Syagrus (solid)
23.71973069601869,38.36312258141775,250.34519958496094,218.5695037841797,Syagrus (solid)
23.747367782512857,37.86668263340815,250.64019775390625,219.73849487304688,Syagrus (solid)
23.774911949614168,37.5362799488183,250.9342041015625,220.51651000976562,Syagrus (solid)
23.802456116715476,37.08146109681405,251.22821044921875,221.58749389648438,Syagrus (solid)
23.820911337666164,36.46143442250616,251.42520141601562,223.04750061035156,Syagrus (solid)
23.848455504767472,35.552204959046996,251.71920776367188,225.18850708007812,Syagrus (solid)
23.875998242339662,34.807755637315985,252.01319885253906,226.94149780273438,Syagrus (solid)
23.903636758362946,34.06372103614303,252.30821228027344,228.69351196289062,Syagrus (solid)
23.931179495935137,33.030496605836234,252.60220336914062,231.12649536132812,Syagrus (solid)
23.958723663036444,32.03803143037509,252.89620971679688,233.4635009765625,Syagrus (solid)
23.977085964594277,30.880792593194514,253.0922088623047,236.18850708007812,Syagrus (solid)
24.00472305108844,29.433508565729127,253.38720703125,239.59649658203125,Syagrus (solid)
24.03226578866063,28.1522682816922,253.6811981201172,242.61349487304688,Syagrus (solid)
24.05980995576194,26.540204112498653,253.97520446777344,246.4095001220703,Syagrus (solid)
24.087447042256105,25.2997295633161,254.27020263671875,249.33050537109375,Syagrus (solid)
24.105809343813934,24.100876110138895,254.46620178222656,252.15350341796875,Syagrus (solid)
24.133353510915246,23.026024103818035,254.7602081298828,254.68450927734375,Syagrus (solid)
24.16099059740941,21.868370546079408,255.05520629882812,257.4104919433594,Syagrus (solid)
24.18853476451072,20.752746324895455,255.34921264648438,260.0375061035156,Syagrus (solid)
24.216077502082907,19.88428259629066,255.64320373535156,262.08251953125,Syagrus (solid)
24.243714588577074,19.057446443699934,255.93820190429688,264.0295104980469,Syagrus (solid)
24.262078319664024,18.43742624940076,256.13421630859375,265.489501953125,Syagrus (solid)
24.289619627707093,17.858592990522727,256.4281921386719,266.8525085449219,Syagrus (solid)
24.3171637948084,17.48657568993625,256.7221984863281,267.728515625,Syagrus (solid)
24.34480231083169,16.9081701116337,257.0172119140625,269.09051513671875,Syagrus (solid)
24.372346477932997,16.453351259629454,257.31121826171875,270.1614990234375,Syagrus (solid)
24.399887785976063,16.122533854481553,257.6051940917969,270.94049072265625,Syagrus (solid)
24.418345865984996,15.750516553895075,257.8022155761719,271.8164978027344,Syagrus (solid)
24.445887174028062,15.171683295017042,258.09619140625,273.17950439453125,Syagrus (solid)
24.47343134112937,15.006481952722115,258.39019775390625,273.5685119628906,Syagrus (solid)
24.501069857152658,14.923680401304347,258.6852111816406,273.76348876953125,Syagrus (solid)
24.528614024253965,14.468848589282661,258.9792175292969,274.8345031738281,Syagrus (solid)
24.55615533229703,13.890015330404628,259.273193359375,276.197509765625,Syagrus (solid)
24.574519063383985,13.228795240666877,259.4692077636719,277.7545166015625,Syagrus (solid)
24.60215472034903,12.525973494949934,259.7641906738281,279.40948486328125,Syagrus (solid)
24.62969888745034,11.74031131776291,260.0581970214844,281.259521484375,Syagrus (solid)
24.657243054551646,11.28592014633415,260.3522033691406,282.3294982910156,Syagrus (solid)
24.684881570574934,10.872288229751042,260.647216796875,283.3034973144531,Syagrus (solid)
24.712422878618,10.417456417729356,260.9411926269531,284.37451171875,Syagrus (solid)
24.730786609704953,10.252268035451868,261.13720703125,284.76348876953125,Syagrus (solid)
24.75842226667,10.004252181721736,261.43218994140625,285.3475036621094,Syagrus (solid)
24.785966433771307,9.714621711994976,261.7261962890625,286.0295104980469,Syagrus (solid)
24.813510600872615,9.301417475987355,262.02020263671875,287.00250244140625,Syagrus (solid)
24.841149116895902,8.929400175400875,262.3152160644531,287.8785095214844,Syagrus (solid)
24.86869042493897,8.516195939393256,262.60919189453125,288.85150146484375,Syagrus (solid)
24.887054156025922,8.267765365105076,262.8052062988281,289.4364929199219,Syagrus (solid)
24.91469267204921,8.02017719195043,263.1002197265625,290.0195007324219,Syagrus (solid)
24.942233980092276,7.771746617662249,263.3941955566406,290.6044921875,Syagrus (solid)
24.969778147193583,7.482543828510976,263.6882019042969,291.2854919433594,Syagrus (solid)
24.99732231429489,7.441343933072396,263.9822082519531,291.38250732421875,Syagrus (solid)
25.024957971259937,7.31734248621605,264.2771911621094,291.67449951171875,Syagrus (solid)
25.04332170234689,7.0688989519104295,264.47320556640625,292.259521484375,Syagrus (solid)
25.0708658694482,7.027712016489289,264.7672119140625,292.35650634765625,Syagrus (solid)
25.098501526413244,7.192913358784216,265.06219482421875,291.9674987792969,Syagrus (solid)
25.126045693514552,7.110526527924496,265.356201171875,292.1614990234375,Syagrus (solid)
25.15358986061586,6.7797091227765955,265.65020751953125,292.94049072265625,Syagrus (solid)
25.17204508156655,6.490078653049835,265.8471984863281,293.62249755859375,Syagrus (solid)
25.19958924866786,6.28367741531633,266.1412048339844,294.1085205078125,Syagrus (solid)
25.227133415769167,5.994487586182496,266.4352111816406,294.78948974609375,Syagrus (solid)
25.254769072734213,5.787671627890942,266.7301940917969,295.2764892578125,Syagrus (solid)
25.28231323983552,5.828858563312083,267.0242004394531,295.17950439453125,Syagrus (solid)
25.309857406936832,5.7460440518768765,267.3182067871094,295.37451171875,Syagrus (solid)
25.328221138023782,5.53965577416081,267.51422119140625,295.8605041503906,Syagrus (solid)
25.355856794988828,5.498455878722231,267.8092041015625,295.95751953125,Syagrus (solid)
25.383400962090136,5.167223753016282,268.10321044921875,296.73748779296875,Syagrus (solid)
25.410945129191447,4.671619726131503,268.397216796875,297.9045104980469,Syagrus (solid)
25.43858078615649,4.216800874127256,268.69219970703125,298.9754943847656,Syagrus (solid)
25.4661249532578,3.9687850203971236,268.9862060546875,299.55950927734375,Syagrus (solid)
25.48448582528651,3.72078212668443,269.18218994140625,300.14349365234375,Syagrus (solid)
25.512124341309796,3.5555807843895035,269.4772033691406,300.5325012207031,Syagrus (solid)
25.539668508411104,3.4311516569576694,269.7712097167969,300.82550048828125,Syagrus (solid)
25.567212675512415,3.3071502101013226,270.0652160644531,301.11749267578125,Syagrus (solid)
25.594848332477458,3.348337145522463,270.3601989746094,301.0205078125,Syagrus (solid)
25.62239249957877,3.1419488678063967,270.6542053222656,301.5065002441406,Syagrus (solid)
25.64075623066572,2.811131462658496,270.8502197265625,302.2854919433594,Syagrus (solid)
25.66829753870879,2.935132909514843,271.1441955566406,301.9934997558594,Syagrus (solid)
25.695936054732073,3.3071502101013226,271.439208984375,301.11749267578125,Syagrus (solid)
25.723480221833384,3.4311516569576694,271.73321533203125,300.82550048828125,Syagrus (solid)
25.75102152987645,3.4311516569576694,272.0271911621094,300.82550048828125,Syagrus (solid)
25.778660045899738,3.1831487632449758,272.32220458984375,301.40948486328125,Syagrus (solid)
25.797023776986688,3.100334251809769,272.5182189941406,301.6044921875,Syagrus (solid)
25.824565085029757,3.2659503146627435,272.81219482421875,301.2145080566406,Syagrus (solid)
25.85220360105304,3.2659503146627435,273.1072082519531,301.2145080566406,Syagrus (solid)
25.879747768154353,3.05913435637119,273.4012145996094,301.7015075683594,Syagrus (solid)
25.90728907619742,3.224335698666116,273.6951904296875,301.3125,Syagrus (solid)
25.934927592220706,3.2659503146627435,273.9902038574219,301.2145080566406,Syagrus (solid)
25.95329132330766,3.2659503146627435,274.18621826171875,301.2145080566406,Syagrus (solid)
25.980832631350726,3.3071502101013226,274.4801940917969,301.11749267578125,Syagrus (solid)
26.008376798452034,3.1419488678063967,274.7742004394531,301.5065002441406,Syagrus (solid)
26.03601531447532,3.1831487632449758,275.0692138671875,301.40948486328125,Syagrus (solid)
26.06355948157663,3.0179474209500494,275.36322021484375,301.7984924316406,Syagrus (solid)
26.08192035360534,2.935132909514843,275.5592041015625,301.9934997558594,Syagrus (solid)
26.10955886962863,2.7283169512232894,275.8542175292969,302.4804992675781,Syagrus (solid)
26.137100177671694,2.811131462658496,276.148193359375,302.2854919433594,Syagrus (solid)
26.164644344773002,2.893933014076264,276.44219970703125,302.09051513671875,Syagrus (solid)
26.19228286079629,2.7283169512232894,276.7372131347656,302.4804992675781,Syagrus (solid)
26.219824168839356,2.5631156089283635,277.03118896484375,302.8695068359375,Syagrus (solid)
26.23818789992631,2.3151127152156694,277.2272033691406,303.4534912109375,Syagrus (solid)
26.265732067027617,2.5219286735072233,277.5212097167969,302.96649169921875,Syagrus (solid)
26.293367723992663,2.7283169512232894,277.8161926269531,302.4804992675781,Syagrus (solid)
26.32091189109397,2.7283169512232894,278.1101989746094,302.4804992675781,Syagrus (solid)
26.34845605819528,2.645502439788083,278.4042053222656,302.6755065917969,Syagrus (solid)
26.376094574218566,2.811131462658496,278.69921875,302.2854919433594,Syagrus (solid)
26.394455446247278,2.811131462658496,278.89520263671875,302.2854919433594,Syagrus (solid)
26.421999613348586,3.1419488678063967,279.189208984375,301.5065002441406,Syagrus (solid)
26.44963527031363,3.389964721536529,279.48419189453125,300.9224853515625,Syagrus (solid)
26.47717943741494,3.3071502101013226,279.7781982421875,301.11749267578125,Syagrus (solid)
26.504723604516247,3.1831487632449758,280.07220458984375,301.40948486328125,Syagrus (solid)
26.532362120539535,3.6791545506703636,280.3672180175781,300.24151611328125,Syagrus (solid)
26.550722992568247,3.9687850203971236,280.5632019042969,299.55950927734375,Syagrus (solid)
26.578267159669554,4.175600978688677,280.8572082519531,299.072509765625,Syagrus (solid)
26.605811326770862,4.13398636269205,281.1512145996094,299.1705017089844,Syagrus (solid)
26.633446983735908,4.09278646725347,281.4461975097656,299.26751708984375,Syagrus (solid)
26.660991150837216,4.257987809548396,281.7402038574219,298.8785095214844,Syagrus (solid)
26.688535317938523,4.09278646725347,282.0342102050781,299.26751708984375,Syagrus (solid)
26.706990538889215,4.13398636269205,282.231201171875,299.1705017089844,Syagrus (solid)
26.734534705990523,4.051171851256843,282.52520751953125,299.3655090332031,Syagrus (solid)
26.76207887309183,3.803168957544149,282.8192138671875,299.9494934082031,Syagrus (solid)
26.789714530056877,3.5555807843895035,283.11419677734375,300.5325012207031,Syagrus (solid)
26.817258697158184,3.1831487632449758,283.408203125,301.40948486328125,Syagrus (solid)
26.844802864259496,3.0179474209500494,283.70220947265625,301.7984924316406,Syagrus (solid)
26.863258085210184,2.811131462658496,283.8992004394531,302.2854919433594,Syagrus (solid)
26.89080225231149,2.480301097493157,284.1932067871094,303.06451416015625,Syagrus (solid)
26.9183464194128,2.108296756924116,284.4872131347656,303.94049072265625,Syagrus (solid)
26.945982076377845,1.7774663917587767,284.7821960449219,304.7195129394531,Syagrus (solid)
26.973526243479153,1.5298911786215699,285.0762023925781,305.302490234375,Syagrus (solid)
26.991889974566107,1.5298911786215699,285.272216796875,305.302490234375,Syagrus (solid)
27.019431282609172,1.3226475397545294,285.5661926269531,305.7904968261719,Syagrus (solid)
27.04706979863246,1.1990608134562306,285.8612060546875,306.0815124511719,Syagrus (solid)
27.074613965733768,1.1990608134562306,286.15521240234375,306.0815124511719,Syagrus (solid)
27.10215813283508,1.1574461974596033,286.44921875,306.17950439453125,Syagrus (solid)
27.12979378980012,1.0334447506032565,286.74420166015625,306.47149658203125,Syagrus (solid)
27.148157520887075,1.0334447506032565,286.9402160644531,306.47149658203125,Syagrus (solid)
27.17569882893014,0.9922448551646771,287.23419189453125,306.5685119628906,Syagrus (solid)
27.203242996031452,1.0334447506032565,287.5281982421875,306.47149658203125,Syagrus (solid)
27.230881512054737,0.9510579197435368,287.8232116699219,306.6654968261719,Syagrus (solid)
27.258425679156048,1.0334447506032565,288.1172180175781,306.47149658203125,Syagrus (solid)
27.28606133612109,0.9510579197435368,288.4122009277344,306.6654968261719,Syagrus (solid)
27.304425067208044,0.8682434083083302,288.60821533203125,306.8605041503906,Syagrus (solid)
27.33196923430935,1.0334447506032565,288.9022216796875,306.47149658203125,Syagrus (solid)
27.35951054235242,1.116259262038463,289.1961975097656,306.2764892578125,Syagrus (solid)
27.387149058375705,1.1990608134562306,289.4912109375,306.0815124511719,Syagrus (solid)
27.414693225477016,1.4470766671863633,289.78521728515625,305.49749755859375,Syagrus (solid)
27.442234533520082,1.5298911786215699,290.0791931152344,305.302490234375,Syagrus (solid)
27.460692613529012,1.7774663917587767,290.2762145996094,304.7195129394531,Syagrus (solid)
27.48823392157208,1.9842823500503302,290.5701904296875,304.2325134277344,Syagrus (solid)
27.51577808867339,2.1911112683593226,290.86419677734375,303.7454833984375,Syagrus (solid)
27.543416604696677,2.6871170557847104,291.1592102050781,302.5775146484375,Syagrus (solid)
27.570960771797985,3.100334251809769,291.4532165527344,301.6044921875,Syagrus (solid)
27.59850207984105,3.4311516569576694,291.7471923828125,300.82550048828125,Syagrus (solid)
27.616865810928005,3.5555807843895035,291.9432067871094,300.5325012207031,Syagrus (solid)
27.644504326951292,3.5967806798280826,292.23822021484375,300.43548583984375,Syagrus (solid)
27.672045634994358,3.6791545506703636,292.5321960449219,300.24151611328125,Syagrus (solid)
27.699589802095666,3.8443558929652895,292.8262023925781,299.8525085449219,Syagrus (solid)
27.727228318118954,3.76196906210557,293.1212158203125,300.0465087890625,Syagrus (solid)
27.75477248522026,3.6791545506703636,293.41522216796875,300.24151611328125,Syagrus (solid)
27.773133357248973,3.72078212668443,293.6112060546875,300.14349365234375,Syagrus (solid)
27.80076901421402,3.8443558929652895,293.90618896484375,299.8525085449219,Syagrus (solid)
27.828313181315327,3.885970508961917,294.2001953125,299.7545166015625,Syagrus (solid)
27.855857348416635,3.6379676152492233,294.49420166015625,300.3385009765625,Syagrus (solid)
27.883495864439922,3.348337145522463,294.7892150878906,301.0205078125,Syagrus (solid)
27.901856736468634,3.0179474209500494,294.9851989746094,301.7984924316406,Syagrus (solid)
27.92940090356994,3.1831487632449758,295.2792053222656,301.40948486328125,Syagrus (solid)
27.95694507067125,3.2659503146627435,295.5732116699219,301.2145080566406,Syagrus (solid)
27.984580727636295,3.100334251809769,295.8681945800781,301.6044921875,Syagrus (solid)
28.012124894737603,2.8527460786551235,296.1622009277344,302.1875,Syagrus (solid)
28.03966906183891,2.769931567219917,296.4562072753906,302.38250732421875,Syagrus (solid)
28.058124282789603,2.935132909514843,296.6531982421875,301.9934997558594,Syagrus (solid)
28.08566844989091,3.1419488678063967,296.94720458984375,301.5065002441406,Syagrus (solid)
28.113212616992218,3.348337145522463,297.2412109375,301.0205078125,Syagrus (solid)
28.140848273957264,3.348337145522463,297.53619384765625,301.0205078125,Syagrus (solid)
28.16839244105857,3.6379676152492233,297.8302001953125,300.3385009765625,Syagrus (solid)
28.19593660815988,3.8443558929652895,298.12420654296875,299.8525085449219,Syagrus (solid)
28.21429748018859,4.051171851256843,298.3201904296875,299.3655090332031,Syagrus (solid)
28.24193599621188,3.8443558929652895,298.6152038574219,299.8525085449219,Syagrus (solid)
28.269480163313187,3.72078212668443,298.9092102050781,300.14349365234375,Syagrus (solid)
28.297024330414494,3.6791545506703636,299.2032165527344,300.24151611328125,Syagrus (solid)
28.32465998737954,3.6791545506703636,299.4981994628906,300.24151611328125,Syagrus (solid)
28.352204154480848,3.76196906210557,299.7922058105469,300.0465087890625,Syagrus (solid)
28.3705678855678,3.927170404400496,299.98822021484375,299.6575012207031,Syagrus (solid)
28.398203542532848,3.9687850203971236,300.283203125,299.55950927734375,Syagrus (solid)
28.425747709634155,4.216800874127256,300.57720947265625,298.9754943847656,Syagrus (solid)
28.453291876735463,4.257987809548396,300.8712158203125,298.8785095214844,Syagrus (solid)
28.48092753370051,4.423189151843323,301.16619873046875,298.489501953125,Syagrus (solid)
28.508471700801817,4.630005110134876,301.460205078125,298.00250244140625,Syagrus (solid)
28.52683257283053,4.795634133005289,301.65618896484375,297.61248779296875,Syagrus (solid)
28.554376739931836,4.795634133005289,301.9501953125,297.61248779296875,Syagrus (solid)
28.582015255955124,4.54719059869967,302.2452087402344,298.197509765625,Syagrus (solid)
28.60955942305643,4.50600366327853,302.5392150878906,298.29449462890625,Syagrus (solid)
28.6371007310995,4.54719059869967,302.83319091796875,298.197509765625,Syagrus (solid)
28.664739247122785,4.671619726131503,303.1282043457031,297.9045104980469,Syagrus (solid)
28.68310297820974,4.712819621570083,303.32421875,297.8074951171875,Syagrus (solid)
28.710644286252805,4.671619726131503,303.6181945800781,297.9045104980469,Syagrus (solid)
28.738282802276093,4.795634133005289,303.9132080078125,297.61248779296875,Syagrus (solid)
28.7658269693774,4.8368210684264294,304.20721435546875,297.5155029296875,Syagrus (solid)
28.79337113647871,5.126023857577703,304.501220703125,296.8345031738281,Syagrus (solid)
28.821006793443754,5.084823962139123,304.79620361328125,296.9315185546875,Syagrus (solid)
28.839370524530707,4.87800800384757,304.9922180175781,297.41851806640625,Syagrus (solid)
28.866911832573773,4.340802320983603,305.28619384765625,298.6835021972656,Syagrus (solid)
28.894455999675085,4.009984915835703,305.5802001953125,299.4624938964844,Syagrus (solid)
28.92209451569837,3.885970508961917,305.8752136230469,299.7545166015625,Syagrus (solid)
28.94963582374144,3.72078212668443,306.169189453125,300.14349365234375,Syagrus (solid)
28.96799955482839,3.5555807843895035,306.3652038574219,300.5325012207031,Syagrus (solid)
28.995638070851676,3.4311516569576694,306.66021728515625,300.82550048828125,Syagrus (solid)
29.023179378894742,3.2659503146627435,306.9541931152344,301.2145080566406,Syagrus (solid)
29.050723545996053,3.1831487632449758,307.2481994628906,301.40948486328125,Syagrus (solid)
29.07836206201934,3.100334251809769,307.543212890625,301.6044921875,Syagrus (solid)
29.10590622912065,3.224335698666116,307.83721923828125,301.3125,Syagrus (solid)
29.12426710114936,3.05913435637119,308.033203125,301.7015075683594,Syagrus (solid)
29.15181126825067,3.0179474209500494,308.32720947265625,301.7984924316406,Syagrus (solid)
29.179446925215714,2.769931567219917,308.6221923828125,302.38250732421875,Syagrus (solid)
29.206991092317022,3.05913435637119,308.91619873046875,301.7015075683594,Syagrus (solid)
29.23453525941833,3.472766272954297,309.210205078125,300.7275085449219,Syagrus (solid)
29.262170916383376,3.6379676152492233,309.50518798828125,300.3385009765625,Syagrus (solid)
29.28053464747033,3.6791545506703636,309.7012023925781,300.24151611328125,Syagrus (solid)
29.308078814571637,3.885970508961917,309.9952087402344,299.7545166015625,Syagrus (solid)
29.335717330594925,4.257987809548396,310.29022216796875,298.8785095214844,Syagrus (solid)
29.36325863863799,4.50600366327853,310.5841979980469,298.29449462890625,Syagrus (solid)
29.3908028057393,4.671619726131503,310.8782043457031,297.9045104980469,Syagrus (solid)
29.418441321762586,4.754006556991223,311.1732177734375,297.71051025390625,Syagrus (solid)
29.436802193791298,4.795634133005289,311.36920166015625,297.61248779296875,Syagrus (solid)
29.464346360892606,4.8368210684264294,311.6632080078125,297.5155029296875,Syagrus (solid)
29.49198201785765,4.8368210684264294,311.95819091796875,297.5155029296875,Syagrus (solid)
29.51952618495896,4.795634133005289,312.252197265625,297.61248779296875,Syagrus (solid)
29.547070352060267,4.8368210684264294,312.54620361328125,297.5155029296875,Syagrus (solid)
29.574706009025313,4.712819621570083,312.8411865234375,297.8074951171875,Syagrus (solid)
29.593069740112266,4.630005110134876,313.0372009277344,298.00250244140625,Syagrus (solid)
29.620613907213574,4.712819621570083,313.3312072753906,297.8074951171875,Syagrus (solid)
29.648158074314882,4.54719059869967,313.6252136230469,298.197509765625,Syagrus (solid)
29.675793731279928,4.382002216422182,313.9201965332031,298.58648681640625,Syagrus (solid)
29.703337898381236,4.50600366327853,314.2142028808594,298.29449462890625,Syagrus (solid)
29.730882065482543,4.588818174713736,314.5082092285156,298.0994873046875,Syagrus (solid)
29.749337286433235,4.754006556991223,314.7052001953125,297.71051025390625,Syagrus (solid)
29.776881453534543,4.87800800384757,314.99920654296875,297.41851806640625,Syagrus (solid)
29.80442562063585,4.87800800384757,315.293212890625,297.41851806640625,Syagrus (solid)
29.832061277600896,5.208838369012909,315.58819580078125,296.6394958496094,Syagrus (solid)
29.859605444702204,5.167223753016282,315.8822021484375,296.73748779296875,Syagrus (solid)
29.877969175789158,5.002022410721356,316.0782165527344,297.1264953613281,Syagrus (solid)
29.905510483832224,4.87800800384757,316.3721923828125,297.41851806640625,Syagrus (solid)
29.93314899985551,5.043637026717983,316.6672058105469,297.02850341796875,Syagrus (solid)
29.96069316695682,5.2916399204306765,316.9612121582031,296.44451904296875,Syagrus (solid)
29.988234474999885,5.415654327304463,317.25518798828125,296.1524963378906,Syagrus (solid)
30.015872991023173,5.787671627890942,317.5502014160156,295.2764892578125,Syagrus (solid)
30.034236722110126,6.28367741531633,317.7462158203125,294.1085205078125,Syagrus (solid)
30.061780889211434,6.7797091227765955,318.04022216796875,292.94049072265625,Syagrus (solid)
30.08941654617648,7.0688989519104295,318.335205078125,292.259521484375,Syagrus (solid)
30.116960713277788,7.399729317075769,318.62921142578125,291.4804992675781,Syagrus (solid)
30.144504880379095,7.978562575953802,318.9232177734375,290.11749267578125,Syagrus (solid)
30.17214053734414,8.722584217109322,319.21820068359375,288.3655090332031,Syagrus (solid)
30.190504268431095,9.343032091983982,319.4142150878906,286.9045104980469,Syagrus (solid)
30.21804557647416,9.83905083942681,319.70819091796875,285.73651123046875,Syagrus (solid)
30.24558974357547,10.29345497087301,320.002197265625,284.66650390625,Syagrus (solid)
30.273228259598756,10.707086887456116,320.2972106933594,283.6925048828125,Syagrus (solid)
30.300769567641822,10.955089781168809,320.5911865234375,283.1085205078125,Syagrus (solid)
30.328313734743134,11.161905739460362,320.88519287109375,282.62152099609375,Syagrus (solid)
30.346771814752064,11.161905739460362,321.08221435546875,282.62152099609375,Syagrus (solid)
30.37431598185337,10.99628967660739,321.376220703125,283.0115051269531,Syagrus (solid)
30.401857289896437,10.789473718315836,321.6701965332031,283.4985046386719,Syagrus (solid)
30.429495805919725,10.417456417729356,321.9652099609375,284.37451171875,Syagrus (solid)
30.457039973021033,9.921865350862015,322.25921630859375,285.54150390625,Syagrus (solid)
30.484584140122344,9.301417475987355,322.55322265625,287.00250244140625,Syagrus (solid)
30.502945012151052,8.557382874814396,322.74920654296875,288.7545166015625,Syagrus (solid)
30.530580669116098,8.02017719195043,323.044189453125,290.0195007324219,Syagrus (solid)
30.558124836217406,7.647745170805901,323.33819580078125,290.896484375,Syagrus (solid)
30.585669003318717,7.192913358784216,323.6322021484375,291.9674987792969,Syagrus (solid)
30.613307519342005,6.614507780481669,323.9272155761719,293.3294982910156,Syagrus (solid)
30.64084882738507,6.28367741531633,324.22119140625,294.1085205078125,Syagrus (solid)
30.659212558472024,6.159675968459983,324.4172058105469,294.4005126953125,Syagrus (solid)
30.68685107449531,5.7460440518768765,324.71221923828125,295.37451171875,Syagrus (solid)
30.714392382538378,5.374454431865884,325.0061950683594,296.24951171875,Syagrus (solid)
30.741936549639686,5.167223753016282,325.3002014160156,296.73748779296875,Syagrus (solid)
30.769575065662973,5.167223753016282,325.59521484375,296.73748779296875,Syagrus (solid)
30.78793593769168,5.126023857577703,325.79119873046875,296.8345031738281,Syagrus (solid)
30.815480104792993,4.671619726131503,326.085205078125,297.9045104980469,Syagrus (solid)
30.8430242718943,4.340802320983603,326.37921142578125,298.6835021972656,Syagrus (solid)
30.870659928859347,4.257987809548396,326.6741943359375,298.8785095214844,Syagrus (solid)
30.898204095960654,4.299602425545024,326.96820068359375,298.780517578125,Syagrus (solid)
30.925748263061962,4.340802320983603,327.26220703125,298.6835021972656,Syagrus (solid)
30.94420348401265,4.340802320983603,327.4591979980469,298.6835021972656,Syagrus (solid)
30.97174765111396,4.340802320983603,327.7532043457031,298.6835021972656,Syagrus (solid)
30.99929181821527,4.257987809548396,328.0472106933594,298.8785095214844,Syagrus (solid)
31.026930334238557,4.340802320983603,328.34222412109375,298.6835021972656,Syagrus (solid)
31.054471642281623,4.423189151843323,328.6361999511719,298.489501953125,Syagrus (solid)
31.08201580938293,4.50600366327853,328.9302062988281,298.29449462890625,Syagrus (solid)
31.10047103033362,4.46480376783995,329.127197265625,298.3915100097656,Syagrus (solid)
31.12801519743493,4.340802320983603,329.42120361328125,298.6835021972656,Syagrus (solid)
31.155559364536238,4.54719059869967,329.7152099609375,298.197509765625,Syagrus (solid)
31.183103531637546,4.671619726131503,330.00921630859375,297.9045104980469,Syagrus (solid)
31.21073918860259,4.630005110134876,330.30419921875,298.00250244140625,Syagrus (solid)
31.2382833557039,4.46480376783995,330.59820556640625,298.3915100097656,Syagrus (solid)
31.25664422773261,4.50600366327853,330.794189453125,298.29449462890625,Syagrus (solid)
31.2842827437559,4.630005110134876,331.0892028808594,298.00250244140625,Syagrus (solid)
31.311826910857206,4.299602425545024,331.3832092285156,298.780517578125,Syagrus (solid)
31.339371077958514,3.885970508961917,331.6772155761719,299.7545166015625,Syagrus (solid)
31.36700673492356,3.5555807843895035,331.9721984863281,300.5325012207031,Syagrus (solid)
31.394550902024868,3.1831487632449758,332.2662048339844,301.40948486328125,Syagrus (solid)
31.41291463311182,2.7283169512232894,332.46221923828125,302.4804992675781,Syagrus (solid)
31.440550290076867,2.1911112683593226,332.7572021484375,303.7454833984375,Syagrus (solid)
31.468094457178175,2.0254822454889094,333.05120849609375,304.135498046875,Syagrus (solid)
31.495638624279483,2.067096861485537,333.34521484375,304.0375061035156,Syagrus (solid)
31.52318279138079,2.108296756924116,333.63922119140625,303.94049072265625,Syagrus (solid)
31.550818448345836,2.108296756924116,333.9342041015625,303.94049072265625,Syagrus (solid)
31.56917932037455,2.0254822454889094,334.13018798828125,304.135498046875,Syagrus (solid)
31.596723487475856,1.7774663917587767,334.4241943359375,304.7195129394531,Syagrus (solid)
31.624362003499144,1.5298911786215699,334.7192077636719,305.302490234375,Syagrus (solid)
31.65190617060045,1.6122650494638506,335.0132141113281,305.1085205078125,Syagrus (solid)
31.679447478643517,1.6950795608990572,335.30718994140625,304.91351318359375,Syagrus (solid)
31.707085994666805,1.653892625477917,335.6022033691406,305.010498046875,Syagrus (solid)
31.72544972575376,1.7362794563376365,335.7982177734375,304.8164978027344,Syagrus (solid)
31.752993892855066,1.819081007755404,336.09222412109375,304.62152099609375,Syagrus (solid)
31.780629549820112,1.9430954146291899,336.38720703125,304.3294982910156,Syagrus (solid)
31.80817371692142,1.9014807986325626,336.68121337890625,304.427490234375,Syagrus (solid)
31.835717884022728,1.8602809031939833,336.9752197265625,304.5245056152344,Syagrus (solid)
31.85407875605144,1.8602809031939833,337.17120361328125,304.5245056152344,Syagrus (solid)
31.881714413016486,2.0254822454889094,337.4661865234375,304.135498046875,Syagrus (solid)
31.909258580117793,2.1499113729207435,337.76019287109375,303.8424987792969,Syagrus (solid)
31.9368027472191,2.067096861485537,338.05419921875,304.0375061035156,Syagrus (solid)
31.96444126324239,1.9842823500503302,338.3492126464844,304.2325134277344,Syagrus (solid)
31.991982571285455,2.067096861485537,338.6431884765625,304.0375061035156,Syagrus (solid)
32.010346302372405,2.2739128197770904,338.8392028808594,303.5505065917969,Syagrus (solid)
32.03798481839569,2.4391141620720167,339.13421630859375,303.1614990234375,Syagrus (solid)
32.065528985497004,2.6043155043669426,339.42822265625,302.7724914550781,Syagrus (solid)
32.093070293540066,2.893933014076264,339.7221984863281,302.09051513671875,Syagrus (solid)
32.120708809563354,3.100334251809769,340.0172119140625,301.6044921875,Syagrus (solid)
32.148252976664665,3.2659503146627435,340.31121826171875,301.2145080566406,Syagrus (solid)
32.16661384869337,3.4311516569576694,340.5072021484375,300.82550048828125,Syagrus (solid)
32.194158015794685,3.513966168392876,340.80120849609375,300.6304931640625,Syagrus (solid)
32.22179367275973,3.5555807843895035,341.09619140625,300.5325012207031,Syagrus (solid)
32.24933783986104,3.6379676152492233,341.39019775390625,300.3385009765625,Syagrus (solid)
32.276882006962346,3.803168957544149,341.6842041015625,299.9494934082031,Syagrus (solid)
32.30451766392739,3.803168957544149,341.97918701171875,299.9494934082031,Syagrus (solid)
32.32288139501435,3.6791545506703636,342.1752014160156,300.24151611328125,Syagrus (solid)
32.35042556211565,3.389964721536529,342.4692077636719,300.9224853515625,Syagrus (solid)
32.37806407813894,2.935132909514843,342.76422119140625,301.9934997558594,Syagrus (solid)
32.40560538618201,2.6871170557847104,343.0581970214844,302.5775146484375,Syagrus (solid)
32.433149553283315,2.480301097493157,343.3522033691406,303.06451416015625,Syagrus (solid)
32.4607880693066,2.1911112683593226,343.647216796875,303.7454833984375,Syagrus (solid)
32.47914894133532,1.9842823500503302,343.84320068359375,304.2325134277344,Syagrus (solid)
32.50669310843662,1.9842823500503302,344.13720703125,304.2325134277344,Syagrus (solid)
32.53423727553793,1.8602809031939833,344.43121337890625,304.5245056152344,Syagrus (solid)
32.56187293250298,1.5298911786215699,344.7261962890625,305.302490234375,Syagrus (solid)
32.58941709960428,1.116259262038463,345.02020263671875,306.2764892578125,Syagrus (solid)
32.616961266705594,0.9510579197435368,345.314208984375,306.6654968261719,Syagrus (solid)
32.635416487656286,0.8682434083083302,345.5111999511719,306.8605041503906,Syagrus (solid)
32.66296065475759,0.702627345455356,345.8052062988281,307.25048828125,Syagrus (solid)
32.6905048218589,0.7854288968731237,346.0992126464844,307.0555114746094,Syagrus (solid)
32.71814047882395,0.9098580243049575,346.3941955566406,306.76251220703125,Syagrus (solid)
32.74568464592525,0.8682434083083302,346.6882019042969,306.8605041503906,Syagrus (solid)
32.76404837701221,0.8682434083083302,346.88421630859375,306.8605041503906,Syagrus (solid)
32.79159254411351,0.9922448551646771,347.17822265625,306.5685119628906,Syagrus (solid)
32.81922820107856,1.405449091172297,347.47320556640625,305.59552001953125,Syagrus (solid)
32.84677236817987,1.6950795608990572,347.7672119140625,304.91351318359375,Syagrus (solid)
32.87431653528118,1.7774663917587767,348.06121826171875,304.7195129394531,Syagrus (solid)
32.90195219224622,1.7774663917587767,348.356201171875,304.7195129394531,Syagrus (solid)
32.92031592333318,1.9842823500503302,348.5522155761719,304.2325134277344,Syagrus (solid)
32.94785723137624,1.9430954146291899,348.84619140625,304.3294982910156,Syagrus (solid)
32.97549574739953,1.9014807986325626,349.1412048339844,304.427490234375,Syagrus (solid)
33.00303991450084,2.108296756924116,349.4352111816406,303.94049072265625,Syagrus (solid)
33.03058122254391,2.1911112683593226,349.72918701171875,303.7454833984375,Syagrus (solid)
33.05821973856719,2.23272588435595,350.0242004394531,303.6474914550781,Syagrus (solid)
33.076583469654146,2.3562996506368097,350.22021484375,303.35650634765625,Syagrus (solid)
33.10412763675545,2.5219286735072233,350.51422119140625,302.96649169921875,Syagrus (solid)
33.131763293720496,2.5219286735072233,350.8092041015625,302.96649169921875,Syagrus (solid)
33.15930746082181,2.4391141620720167,351.10321044921875,303.1614990234375,Syagrus (solid)
33.18685162792312,2.2739128197770904,351.397216796875,303.5505065917969,Syagrus (solid)
33.21439579502442,2.23272588435595,351.69122314453125,303.6474914550781,Syagrus (solid)
33.232851015975115,2.1499113729207435,351.8882141113281,303.8424987792969,Syagrus (solid)
33.260392324018184,2.0254822454889094,352.18218994140625,304.135498046875,Syagrus (solid)
33.28793649111949,1.9842823500503302,352.4761962890625,304.2325134277344,Syagrus (solid)
33.315575007142776,2.067096861485537,352.7712097167969,304.0375061035156,Syagrus (solid)
33.34311917424409,1.9842823500503302,353.0652160644531,304.2325134277344,Syagrus (solid)
33.37066048228715,1.7774663917587767,353.35919189453125,304.7195129394531,Syagrus (solid)
33.38911856229608,1.819081007755404,353.55621337890625,304.62152099609375,Syagrus (solid)
33.416662729397395,2.0254822454889094,353.8502197265625,304.135498046875,Syagrus (solid)
33.44420403744046,2.1911112683593226,354.1441955566406,303.7454833984375,Syagrus (solid)
33.47174820454177,2.067096861485537,354.4382019042969,304.0375061035156,Syagrus (solid)
33.499386720565056,2.067096861485537,354.73321533203125,304.0375061035156,Syagrus (solid)
33.52693088766636,2.0254822454889094,355.0272216796875,304.135498046875,Syagrus (solid)
33.545291759695075,2.23272588435595,355.22320556640625,303.6474914550781,Syagrus (solid)
33.57292741666012,2.1911112683593226,355.5181884765625,303.7454833984375,Syagrus (solid)
33.600471583761426,2.2739128197770904,355.81219482421875,303.5505065917969,Syagrus (solid)
33.62801575086274,2.4391141620720167,356.106201171875,303.1614990234375,Syagrus (solid)
33.655654266886025,2.3562996506368097,356.4012145996094,303.35650634765625,Syagrus (solid)
33.67401513891473,2.397927226650876,356.5971984863281,303.25848388671875,Syagrus (solid)
33.701559306016044,2.5631156089283635,356.8912048339844,302.8695068359375,Syagrus (solid)
33.72919782203933,2.6871170557847104,357.18621826171875,302.5775146484375,Syagrus (solid)
33.756739130082394,2.645502439788083,357.4801940917969,302.6755065917969,Syagrus (solid)
33.784283297183705,2.811131462658496,357.7742004394531,302.2854919433594,Syagrus (solid)
33.81192181320699,2.811131462658496,358.0692138671875,302.2854919433594,Syagrus (solid)
33.8302826852357,3.0179474209500494,358.26519775390625,301.7984924316406,Syagrus (solid)
33.85782685233701,2.935132909514843,358.5592041015625,301.9934997558594,Syagrus (solid)
33.88537101943832,3.05913435637119,358.85321044921875,301.7015075683594,Syagrus (solid)
33.91300667640336,3.224335698666116,359.148193359375,301.3125,Syagrus (solid)
33.940550843504674,3.224335698666116,359.44219970703125,301.3125,Syagrus (solid)
33.96809501060598,3.3071502101013226,359.7362060546875,301.11749267578125,Syagrus (solid)
33.98655023155667,3.4311516569576694,359.9331970214844,300.82550048828125,Syagrus (solid)
34.01409439865798,3.5967806798280826,360.2272033691406,300.43548583984375,Syagrus (solid)
34.041638565759285,3.6379676152492233,360.5212097167969,300.3385009765625,Syagrus (solid)
34.06927708178257,3.513966168392876,360.81622314453125,300.6304931640625,Syagrus (solid)
34.09681838982564,3.472766272954297,361.1101989746094,300.7275085449219,Syagrus (solid)
34.12436255692695,3.5555807843895035,361.4042053222656,300.5325012207031,Syagrus (solid)
34.142726288013904,3.5555807843895035,361.6002197265625,300.5325012207031,Syagrus (solid)
34.17036194497895,3.5967806798280826,361.89520263671875,300.43548583984375,Syagrus (solid)
34.197906112080254,3.513966168392876,362.189208984375,300.6304931640625,Syagrus (solid)
34.225450279181565,3.513966168392876,362.48321533203125,300.6304931640625,Syagrus (solid)
34.25308593614661,3.5555807843895035,362.7781982421875,300.5325012207031,Syagrus (solid)
34.280630103247915,3.513966168392876,363.07220458984375,300.6304931640625,Syagrus (solid)
34.29899097527663,3.6379676152492233,363.2681884765625,300.3385009765625,Syagrus (solid)
34.32662949129992,3.76196906210557,363.5632019042969,300.0465087890625,Syagrus (solid)
34.35417365840122,3.803168957544149,363.8572082519531,299.9494934082031,Syagrus (solid)
34.381717825502534,3.8443558929652895,364.1512145996094,299.8525085449219,Syagrus (solid)
34.40935348246758,4.175600978688677,364.4461975097656,299.072509765625,Syagrus (solid)
34.436897649568884,4.382002216422182,364.7402038574219,298.58648681640625,Syagrus (solid)
34.45526138065584,4.671619726131503,364.93621826171875,297.9045104980469,Syagrus (solid)
34.482802688698904,4.795634133005289,365.2301940917969,297.61248779296875,Syagrus (solid)
34.51044120472219,4.960822515282777,365.52520751953125,297.2235107421875,Syagrus (solid)
34.5379853718235,5.208838369012909,365.8192138671875,296.6394958496094,Syagrus (solid)
34.565529538924814,5.208838369012909,366.11322021484375,296.6394958496094,Syagrus (solid)
34.59316519588985,5.580855669599389,366.408203125,295.76348876953125,Syagrus (solid)
34.61152606791857,5.870045498733223,366.60418701171875,295.08251953125,Syagrus (solid)
34.63907023501987,5.95286001016843,366.898193359375,294.88751220703125,Syagrus (solid)
34.66670875104316,6.159675968459983,367.1932067871094,294.4005126953125,Syagrus (solid)
34.69425291814447,6.32487731075491,367.4872131347656,294.0115051269531,Syagrus (solid)
34.72179422618754,6.490078653049835,367.78118896484375,293.62249755859375,Syagrus (solid)
34.74015795727449,6.6556947159028095,367.9772033691406,293.2325134277344,Syagrus (solid)
34.76779647329778,6.6973093318994374,368.272216796875,293.134521484375,Syagrus (solid)
34.79534064039909,6.7385092273380165,368.56622314453125,293.0375061035156,Syagrus (solid)
34.82288194844215,6.6556947159028095,368.8601989746094,293.2325134277344,Syagrus (solid)
34.85052046446544,6.614507780481669,369.15521240234375,293.3294982910156,Syagrus (solid)
34.87806463156675,6.448878757611256,369.44921875,293.7195129394531,Syagrus (solid)
34.89642550359546,6.159675968459983,369.64520263671875,294.4005126953125,Syagrus (solid)
34.92406401961875,5.870045498733223,369.9402160644531,295.08251953125,Syagrus (solid)
34.95160532766182,5.456841262725603,370.23419189453125,296.0555114746094,Syagrus (solid)
34.97914949476312,5.167223753016282,370.5281982421875,296.73748779296875,Syagrus (solid)
35.00678801078641,5.084823962139123,370.8232116699219,296.9315185546875,Syagrus (solid)
35.03432931882948,5.002022410721356,371.1171875,297.1264953613281,Syagrus (solid)
35.05269304991643,4.795634133005289,371.3132019042969,297.61248779296875,Syagrus (solid)
35.08023721701774,4.50600366327853,371.6072082519531,298.29449462890625,Syagrus (solid)
35.10787573304103,4.299602425545024,371.9022216796875,298.780517578125,Syagrus (solid)
35.13541704108409,4.051171851256843,372.1961975097656,299.3655090332031,Syagrus (solid)
35.1629612081854,3.885970508961917,372.4902038574219,299.7545166015625,Syagrus (solid)
35.19059972420869,3.6791545506703636,372.78521728515625,300.24151611328125,Syagrus (solid)
35.2089605962374,3.513966168392876,372.981201171875,300.6304931640625,Syagrus (solid)
35.23650476333871,3.2659503146627435,373.27520751953125,301.2145080566406,Syagrus (solid)
35.264140420303754,3.100334251809769,373.5701904296875,301.6044921875,Syagrus (solid)
35.29168458740506,3.1419488678063967,373.86419677734375,301.5065002441406,Syagrus (solid)
35.31922875450637,3.05913435637119,374.158203125,301.7015075683594,Syagrus (solid)
35.346864411471415,2.8527460786551235,374.45318603515625,302.1875,Syagrus (solid)
35.365228142558365,2.893933014076264,374.6492004394531,302.09051513671875,Syagrus (solid)
35.39277230965968,3.0179474209500494,374.9432067871094,301.7984924316406,Syagrus (solid)
35.42031361770274,2.9767475255114704,375.2371826171875,301.8955078125,Syagrus (solid)
35.44795499278427,2.645502439788083,375.5322265625,302.6755065917969,Syagrus (solid)
35.47549630082734,2.3151127152156694,375.8262023925781,303.4534912109375,Syagrus (solid)
35.50304046792864,2.1911112683593226,376.1202087402344,303.7454833984375,Syagrus (solid)
35.521495688879334,2.067096861485537,376.31719970703125,304.0375061035156,Syagrus (solid)
35.549039855980645,1.819081007755404,376.6112060546875,304.62152099609375,Syagrus (solid)
35.57658402308195,1.6950795608990572,376.90521240234375,304.91351318359375,Syagrus (solid)
35.604219680046995,1.7774663917587767,377.2001953125,304.7195129394531,Syagrus (solid)
35.63176384714831,1.9014807986325626,377.49420166015625,304.427490234375,Syagrus (solid)
35.650124719177015,1.9430954146291899,377.690185546875,304.3294982910156,Syagrus (solid)
35.6777632352003,1.9430954146291899,377.9851989746094,304.3294982910156,Syagrus (solid)
35.705307402301614,1.9430954146291899,378.2792053222656,304.3294982910156,Syagrus (solid)
35.73285156940292,1.9842823500503302,378.5732116699219,304.2325134277344,Syagrus (solid)
35.760490085426206,2.0254822454889094,378.86822509765625,304.135498046875,Syagrus (solid)
35.788031393469275,2.1499113729207435,379.1622009277344,303.8424987792969,Syagrus (solid)
35.806395124556225,1.9842823500503302,379.35821533203125,304.2325134277344,Syagrus (solid)
35.833939291657536,1.8602809031939833,379.6522216796875,304.5245056152344,Syagrus (solid)
35.86157494862258,1.819081007755404,379.94720458984375,304.62152099609375,Syagrus (solid)
35.88911911572389,1.8602809031939833,380.2412109375,304.5245056152344,Syagrus (solid)
35.9166632828252,1.8602809031939833,380.53521728515625,304.5245056152344,Syagrus (solid)
35.944298939790244,2.108296756924116,380.8302001953125,303.94049072265625,Syagrus (solid)
35.96265981181895,2.1911112683593226,381.02618408203125,303.7454833984375,Syagrus (solid)
35.99020397892026,2.397927226650876,381.3201904296875,303.25848388671875,Syagrus (solid)
36.01784249494355,2.480301097493157,381.6152038574219,303.06451416015625,Syagrus (solid)
36.045386662044855,2.397927226650876,381.9092102050781,303.25848388671875,Syagrus (solid)
36.072927970087925,2.108296756924116,382.20318603515625,303.94049072265625,Syagrus (solid)
36.10056648611121,2.1911112683593226,382.4981994628906,303.7454833984375,Syagrus (solid)
36.11893021719816,2.23272588435595,382.6942138671875,303.6474914550781,Syagrus (solid)
36.146474384299474,2.108296756924116,382.98822021484375,303.94049072265625,Syagrus (solid)
36.17401855140078,1.9430954146291899,383.2822265625,304.3294982910156,Syagrus (solid)
36.201654208365824,1.9430954146291899,383.57720947265625,304.3294982910156,Syagrus (solid)
36.229198375467135,1.9430954146291899,383.8712158203125,304.3294982910156,Syagrus (solid)
36.256742542568446,1.9014807986325626,384.16522216796875,304.427490234375,Syagrus (solid)
36.27519490446089,1.9014807986325626,384.3621826171875,304.427490234375,Syagrus (solid)
36.3027390715622,2.0254822454889094,384.65618896484375,304.135498046875,Syagrus (solid)
36.33028323866351,2.0254822454889094,384.9501953125,304.135498046875,Syagrus (solid)
36.35792175468679,2.0254822454889094,385.2452087402344,304.135498046875,Syagrus (solid)
36.38546306272986,1.9842823500503302,385.5391845703125,304.2325134277344,Syagrus (solid)
36.41300722983117,2.1499113729207435,385.83319091796875,303.8424987792969,Syagrus (solid)
36.43137096091812,2.067096861485537,386.0292053222656,304.0375061035156,Syagrus (solid)
36.45900947694141,2.108296756924116,386.32421875,303.94049072265625,Syagrus (solid)
36.48655364404272,2.0254822454889094,386.61822509765625,304.135498046875,Syagrus (solid)
36.514094952085784,1.9430954146291899,386.9122009277344,304.3294982910156,Syagrus (solid)
36.54173346810907,1.9430954146291899,387.20721435546875,304.3294982910156,Syagrus (solid)
36.56009434013778,1.8602809031939833,387.4031982421875,304.5245056152344,Syagrus (solid)
36.58763850723909,1.653892625477917,387.69720458984375,305.010498046875,Syagrus (solid)
36.61527416420414,1.7362794563376365,387.9921875,304.8164978027344,Syagrus (solid)
36.64281833130545,1.9014807986325626,388.28619384765625,304.427490234375,Syagrus (solid)
36.67036249840675,2.108296756924116,388.5802001953125,303.94049072265625,Syagrus (solid)
36.6979981553718,2.0254822454889094,388.87518310546875,304.135498046875,Syagrus (solid)
36.71636474551699,2.108296756924116,389.07122802734375,303.94049072265625,Syagrus (solid)
36.74390605356006,2.108296756924116,389.3652038574219,303.94049072265625,Syagrus (solid)
36.77145022066137,2.108296756924116,389.6592102050781,303.94049072265625,Syagrus (solid)
36.79908873668466,2.108296756924116,389.9542236328125,303.94049072265625,Syagrus (solid)
36.82663004472772,2.108296756924116,390.2481994628906,303.94049072265625,Syagrus (solid)
36.85417421182903,2.1499113729207435,390.5422058105469,303.8424987792969,Syagrus (solid)
36.87262943277972,2.1911112683593226,390.73919677734375,303.7454833984375,Syagrus (solid)
36.90017359988103,2.23272588435595,391.033203125,303.6474914550781,Syagrus (solid)
36.92771776698234,2.3562996506368097,391.32720947265625,303.35650634765625,Syagrus (solid)
36.955353423947386,2.3562996506368097,391.6221923828125,303.35650634765625,Syagrus (solid)
36.98289759104869,2.2739128197770904,391.91619873046875,303.5505065917969,Syagrus (solid)
37.01044175815,2.23272588435595,392.210205078125,303.6474914550781,Syagrus (solid)
37.02880263017871,2.397927226650876,392.40618896484375,303.25848388671875,Syagrus (solid)
37.056441146202,2.3562996506368097,392.7012023925781,303.35650634765625,Syagrus (solid)
37.08398531330331,2.23272588435595,392.9952087402344,303.6474914550781,Syagrus (solid)
37.11152662134637,2.108296756924116,393.2891845703125,303.94049072265625,Syagrus (solid)
37.13916513736966,1.9430954146291899,393.5841979980469,304.3294982910156,Syagrus (solid)
37.16670930447097,1.8602809031939833,393.8782043457031,304.5245056152344,Syagrus (solid)
37.18507303555792,1.653892625477917,394.07421875,305.010498046875,Syagrus (solid)
37.212708692522966,1.7362794563376365,394.36920166015625,304.8164978027344,Syagrus (solid)
37.24025285962428,2.067096861485537,394.6632080078125,304.0375061035156,Syagrus (solid)
37.26779702672558,2.1911112683593226,394.95721435546875,303.7454833984375,Syagrus (solid)
37.29543268369063,2.23272588435595,395.252197265625,303.6474914550781,Syagrus (solid)
37.32297685079194,2.108296756924116,395.54620361328125,303.94049072265625,Syagrus (solid)
37.34133772282065,2.067096861485537,395.7421875,304.0375061035156,Syagrus (solid)
37.368976238843935,1.9014807986325626,396.0372009277344,304.427490234375,Syagrus (solid)
37.396520405945246,1.7774663917587767,396.3312072753906,304.7195129394531,Syagrus (solid)
37.42406171398831,1.6950795608990572,396.62518310546875,304.91351318359375,Syagrus (solid)
37.45160588108962,1.5298911786215699,396.919189453125,305.302490234375,Syagrus (solid)
37.47006396109855,1.3226475397545294,397.1162109375,305.7904968261719,Syagrus (solid)
37.49760812819986,1.1574461974596033,397.41021728515625,306.17950439453125,Syagrus (solid)
37.52515229530117,1.0750593665998838,397.7042236328125,306.3735046386719,Syagrus (solid)
37.552787952266215,1.116259262038463,397.99920654296875,306.2764892578125,Syagrus (solid)
37.58033211936752,1.0750593665998838,398.293212890625,306.3735046386719,Syagrus (solid)
37.60787628646883,0.9922448551646771,398.58721923828125,306.5685119628906,Syagrus (solid)
37.62633150741952,1.0334447506032565,398.7842102050781,306.47149658203125,Syagrus (solid)
37.653872815462584,1.116259262038463,399.07818603515625,306.2764892578125,Syagrus (solid)
37.681416982563896,1.116259262038463,399.3721923828125,306.2764892578125,Syagrus (solid)
37.70905549858718,1.0750593665998838,399.6672058105469,306.3735046386719,Syagrus (solid)
37.73659966568849,1.0750593665998838,399.9612121582031,306.3735046386719,Syagrus (solid)
37.76414097373156,1.0750593665998838,400.25518798828125,306.3735046386719,Syagrus (solid)
37.78250470481851,1.1990608134562306,400.4512023925781,306.0815124511719,Syagrus (solid)
37.810143220841795,1.2402607088948099,400.7462158203125,305.9844970703125,Syagrus (solid)
37.837687387943106,1.4470766671863633,401.04022216796875,305.49749755859375,Syagrus (solid)
37.865228695986175,1.5710781140427104,401.3341979980469,305.20550537109375,Syagrus (solid)
37.892867212009456,1.5710781140427104,401.62921142578125,305.20550537109375,Syagrus (solid)
37.92041137911077,1.653892625477917,401.9232177734375,305.010498046875,Syagrus (solid)
37.938772251139476,1.6950795608990572,402.11920166015625,304.91351318359375,Syagrus (solid)
37.96640790810452,1.6950795608990572,402.4141845703125,304.91351318359375,Syagrus (solid)
37.99395207520583,1.6122650494638506,402.70819091796875,305.1085205078125,Syagrus (solid)
38.021496242307144,1.6122650494638506,403.002197265625,305.1085205078125,Syagrus (solid)
38.049134758330425,1.4882636026075036,403.2972106933594,305.4005126953125,Syagrus (solid)
38.076676066373494,1.3642621557511567,403.5911865234375,305.6925048828125,Syagrus (solid)
38.095039797460444,1.405449091172297,403.7872009277344,305.59552001953125,Syagrus (solid)
38.122583964561755,1.4882636026075036,404.0812072753906,305.4005126953125,Syagrus (solid)
38.15022248058504,1.5298911786215699,404.376220703125,305.302490234375,Syagrus (solid)
38.177766647686354,1.6122650494638506,404.67022705078125,305.1085205078125,Syagrus (solid)
38.20530795572942,1.653892625477917,404.9642028808594,305.010498046875,Syagrus (solid)
38.232946471752705,1.6950795608990572,405.25921630859375,304.91351318359375,Syagrus (solid)
38.25130734378141,1.8602809031939833,405.4552001953125,304.5245056152344,Syagrus (solid)
38.278851510882724,1.9430954146291899,405.74920654296875,304.3294982910156,Syagrus (solid)
38.30648716784777,2.067096861485537,406.044189453125,304.0375061035156,Syagrus (solid)
38.33403133494908,2.108296756924116,406.33819580078125,303.94049072265625,Syagrus (solid)
38.361575502050385,2.108296756924116,406.6322021484375,303.94049072265625,Syagrus (solid)
38.38921115901543,2.23272588435595,406.92718505859375,303.6474914550781,Syagrus (solid)
38.40757489010238,2.480301097493157,407.1231994628906,303.06451416015625,Syagrus (solid)
38.43511905720369,2.480301097493157,407.4172058105469,303.06451416015625,Syagrus (solid)
38.462663224305004,2.5219286735072233,407.7112121582031,302.96649169921875,Syagrus (solid)
38.49030174032829,2.397927226650876,408.0062255859375,303.25848388671875,Syagrus (solid)
38.517843048371354,2.2739128197770904,408.3002014160156,303.5505065917969,Syagrus (solid)
38.53620677945831,2.3151127152156694,408.4962158203125,303.4534912109375,Syagrus (solid)
38.56384243642336,2.108296756924116,408.79119873046875,303.94049072265625,Syagrus (solid)
38.59138660352466,1.9430954146291899,409.085205078125,304.3294982910156,Syagrus (solid)
38.61893077062597,1.819081007755404,409.37921142578125,304.62152099609375,Syagrus (solid)
38.64656642759102,1.653892625477917,409.6741943359375,305.010498046875,Syagrus (solid)
38.67411059469232,1.405449091172297,409.96820068359375,305.59552001953125,Syagrus (solid)
38.69247146672104,1.3642621557511567,410.1641845703125,305.6925048828125,Syagrus (solid)
38.72001563382234,1.2814476443159502,410.45819091796875,305.88751220703125,Syagrus (solid)
38.74765414984563,1.1990608134562306,410.7532043457031,306.0815124511719,Syagrus (solid)
38.77519831694694,1.2402607088948099,411.0472106933594,305.9844970703125,Syagrus (solid)
38.802739624990004,1.1574461974596033,411.3411865234375,306.17950439453125,Syagrus (solid)
38.83037814101329,1.1990608134562306,411.6361999511719,306.0815124511719,Syagrus (solid)
38.84874187210025,1.2402607088948099,411.83221435546875,305.9844970703125,Syagrus (solid)
38.87628603920155,1.4470766671863633,412.126220703125,305.49749755859375,Syagrus (solid)
38.9039216961666,1.4882636026075036,412.42120361328125,305.4005126953125,Syagrus (solid)
38.93146586326791,1.653892625477917,412.7152099609375,305.010498046875,Syagrus (solid)
38.959010030369214,1.6122650494638506,413.00921630859375,305.1085205078125,Syagrus (solid)
38.98664568733426,1.6122650494638506,413.30419921875,305.1085205078125,Syagrus (solid)
39.005006559362975,1.9014807986325626,413.50018310546875,304.427490234375,Syagrus (solid)
39.03255072646428,1.9842823500503302,413.794189453125,304.2325134277344,Syagrus (solid)
39.06018924248757,1.9842823500503302,414.0892028808594,304.2325134277344,Syagrus (solid)
39.08773340958888,2.3151127152156694,414.3832092285156,303.4534912109375,Syagrus (solid)
39.11527471763194,2.3562996506368097,414.67718505859375,303.35650634765625,Syagrus (solid)
39.14281888473325,2.4391141620720167,414.97119140625,303.1614990234375,Syagrus (solid)
39.161276964742186,2.645502439788083,415.168212890625,302.6755065917969,Syagrus (solid)
39.18882113184349,2.645502439788083,415.46221923828125,302.6755065917969,Syagrus (solid)
39.2163652989448,2.6871170557847104,415.7562255859375,302.5775146484375,Syagrus (solid)
39.24400095590985,2.8527460786551235,416.05120849609375,302.1875,Syagrus (solid)
39.27154512301115,2.9767475255114704,416.34521484375,301.8955078125,Syagrus (solid)
39.29908929011246,3.100334251809769,416.63922119140625,301.6044921875,Syagrus (solid)
39.317544511063154,3.224335698666116,416.8362121582031,301.3125,Syagrus (solid)
39.34508581910622,3.1831487632449758,417.13018798828125,301.40948486328125,Syagrus (solid)
39.37262998620753,3.224335698666116,417.4241943359375,301.3125,Syagrus (solid)
39.40017415330884,3.2659503146627435,417.71820068359375,301.2145080566406,Syagrus (solid)
39.42780981027388,3.1831487632449758,418.01318359375,301.40948486328125,Syagrus (solid)
39.446173541360835,3.1419488678063967,418.2091979980469,301.5065002441406,Syagrus (solid)
39.47371770846214,3.0179474209500494,418.5032043457031,301.7984924316406,Syagrus (solid)
39.50135622448543,2.935132909514843,418.7982177734375,301.9934997558594,Syagrus (solid)
39.52890039158674,2.893933014076264,419.09222412109375,302.09051513671875,Syagrus (solid)
39.55644169962981,2.811131462658496,419.3861999511719,302.2854919433594,Syagrus (solid)
39.58408021565309,2.5631156089283635,419.68121337890625,302.8695068359375,Syagrus (solid)
39.602441087681804,2.480301097493157,419.877197265625,303.06451416015625,Syagrus (solid)
39.62998525478311,2.5631156089283635,420.17120361328125,302.8695068359375,Syagrus (solid)
39.657620911748154,2.480301097493157,420.4661865234375,303.06451416015625,Syagrus (solid)
39.685165078849465,2.4391141620720167,420.76019287109375,303.1614990234375,Syagrus (solid)
39.71270924595078,2.4391141620720167,421.05419921875,303.1614990234375,Syagrus (solid)
39.74025341305208,2.067096861485537,421.34820556640625,304.0375061035156,Syagrus (solid)
39.758711493061014,1.9014807986325626,421.54522705078125,304.427490234375,Syagrus (solid)
39.78625280110408,1.7774663917587767,421.8392028808594,304.7195129394531,Syagrus (solid)
39.81379696820539,1.653892625477917,422.1332092285156,305.010498046875,Syagrus (solid)
39.841435484228676,1.4882636026075036,422.42822265625,305.4005126953125,Syagrus (solid)
39.868976792271745,1.5298911786215699,422.7221984863281,305.302490234375,Syagrus (solid)
39.89652095937305,1.6122650494638506,423.0162048339844,305.1085205078125,Syagrus (solid)
39.91497618032374,1.5710781140427104,423.21319580078125,305.20550537109375,Syagrus (solid)
39.942520347425045,1.5298911786215699,423.5072021484375,305.302490234375,Syagrus (solid)
39.970064514526356,1.5298911786215699,423.80120849609375,305.302490234375,Syagrus (solid)
39.9977001714914,1.6122650494638506,424.09619140625,305.1085205078125,Syagrus (solid)
40.025244338592714,1.653892625477917,424.39019775390625,305.010498046875,Syagrus (solid)
40.05278850569402,1.6950795608990572,424.6842041015625,304.91351318359375,Syagrus (solid)
40.07114937772273,1.819081007755404,424.88018798828125,304.62152099609375,Syagrus (solid)
40.09878789374602,1.9430954146291899,425.1752014160156,304.3294982910156,Syagrus (solid)
40.126332060847325,2.067096861485537,425.4692077636719,304.0375061035156,Syagrus (solid)
40.153873368890395,2.3151127152156694,425.76318359375,303.4534912109375,Syagrus (solid)
40.181514743971924,2.5219286735072233,426.0582275390625,302.96649169921875,Syagrus (solid)
40.20905605201499,2.7283169512232894,426.3522033691406,302.4804992675781,Syagrus (solid)
40.22741978310194,2.935132909514843,426.5482177734375,301.9934997558594,Syagrus (solid)
40.25505544006699,3.100334251809769,426.84320068359375,301.6044921875,Syagrus (solid)
40.282599607168294,3.100334251809769,427.13720703125,301.6044921875,Syagrus (solid)
40.310143774269605,3.100334251809769,427.43121337890625,301.6044921875,Syagrus (solid)
40.33777943123465,3.100334251809769,427.7261962890625,301.6044921875,Syagrus (solid)
40.3561431623216,3.100334251809769,427.9222106933594,301.6044921875,Syagrus (solid)
40.38368447036467,3.1419488678063967,428.2161865234375,301.5065002441406,Syagrus (solid)
40.411228637465975,3.1831487632449758,428.51019287109375,301.40948486328125,Syagrus (solid)
40.43886715348926,3.1419488678063967,428.8052062988281,301.5065002441406,Syagrus (solid)
40.46641132059057,3.100334251809769,429.0992126464844,301.6044921875,Syagrus (solid)
40.493952628633636,3.100334251809769,429.3931884765625,301.6044921875,Syagrus (solid)
40.51241070864257,3.100334251809769,429.5902099609375,301.6044921875,Syagrus (solid)
40.53995487574388,2.8527460786551235,429.88421630859375,302.1875,Syagrus (solid)
40.567499042845185,2.645502439788083,430.17822265625,302.6755065917969,Syagrus (solid)
40.59513469981023,2.5219286735072233,430.47320556640625,302.96649169921875,Syagrus (solid)
40.62267886691154,2.3151127152156694,430.7672119140625,303.4534912109375,Syagrus (solid)
40.650223034012846,2.1499113729207435,431.06121826171875,303.8424987792969,Syagrus (solid)
40.66858390604156,2.108296756924116,431.2572021484375,303.94049072265625,Syagrus (solid)
40.69621956300661,2.0254822454889094,431.55218505859375,304.135498046875,Syagrus (solid)
40.72376373010791,1.9430954146291899,431.84619140625,304.3294982910156,Syagrus (solid)
40.75130789720922,1.9014807986325626,432.14019775390625,304.427490234375,Syagrus (solid)
40.77894641323251,1.9014807986325626,432.4352111816406,304.427490234375,Syagrus (solid)
40.80648772127557,1.819081007755404,432.72918701171875,304.62152099609375,Syagrus (solid)
40.82485145236253,1.653892625477917,432.9252014160156,305.010498046875,Syagrus (solid)
40.85248996838582,1.5710781140427104,433.22021484375,305.20550537109375,Syagrus (solid)
40.88003413548712,1.5298911786215699,433.51422119140625,305.302490234375,Syagrus (solid)
40.90757830258843,1.4882636026075036,433.8082275390625,305.4005126953125,Syagrus (solid)
40.93521395955348,1.3642621557511567,434.10321044921875,305.6925048828125,Syagrus (solid)
40.96275812665478,1.3642621557511567,434.397216796875,305.6925048828125,Syagrus (solid)
40.9811189986835,1.3642621557511567,434.59320068359375,305.6925048828125,Syagrus (solid)
41.0086631657848,1.3226475397545294,434.88720703125,305.7904968261719,Syagrus (solid)
41.03629882274985,1.3226475397545294,435.18218994140625,305.7904968261719,Syagrus (solid)
41.06384298985116,1.1990608134562306,435.4761962890625,306.0815124511719,Syagrus (solid)
41.09138715695247,1.1990608134562306,435.77020263671875,306.0815124511719,Syagrus (solid)
41.11902281391751,1.2814476443159502,436.065185546875,305.88751220703125,Syagrus (solid)
41.13738654500447,1.2814476443159502,436.2611999511719,305.88751220703125,Syagrus (solid)
41.16493071210577,1.1990608134562306,436.5552062988281,306.0815124511719,Syagrus (solid)
41.19256922812906,1.3642621557511567,436.8502197265625,305.6925048828125,Syagrus (solid)
41.22011339523037,1.4470766671863633,437.14422607421875,305.49749755859375,Syagrus (solid)
41.24765470327344,1.3226475397545294,437.4382019042969,305.7904968261719,Syagrus (solid)
41.27529321929672,1.0750593665998838,437.73321533203125,306.3735046386719,Syagrus (solid)
41.293654091325436,1.0750593665998838,437.92919921875,306.3735046386719,Syagrus (solid)
41.32119825842674,1.0750593665998838,438.22320556640625,306.3735046386719,Syagrus (solid)
