{
  "taboa": {
    "taboa_DC_180d": {
      "filename": "taboa_DC_180d.png",
      "fiber": "taboa",
      "image_size": [
        770,
        1024
      ],
      "orientation": {
        "mean_angle": 5.668723400671788,
        "std_angle": 103.84700807115527,
        "orientation_index": 0.0
      },
      "porosity": {
        "porosity_pct": 68.48746956168831,
        "num_pores": 95,
        "mean_pore_area": 5684.315789473684,
        "pore_circularity": 0.34265099950483396,
        "aspect_ratio": 2.49432892339667
      },
      "structure": {
        "fibril_density": 34.79859983766234,
        "num_junctions": 254584,
        "skeleton_length": 274380
      },
      "texture": {
        "glcm_contrast": 46.44187975500988,
        "glcm_dissimilarity": 4.376277118099693,
        "glcm_homogeneity": 0.256465243085013,
        "glcm_energy": 0.06215120495985826,
        "glcm_correlation": 0.6206826948865347,
        "mean_surface_roughness": 528.2706132185782,
        "std_surface_roughness": 796.9158990158229,
        "max_surface_roughness": 11852.286569121083
      },
      "fractures": {
        "num_fractures": 75,
        "total_fracture_area": 829852.0,
        "fracture_length": 14191,
        "damage_severity": 106.1469536323052,
        "severity_class": "Crítico",
        "avg_aspect_ratio": 3.7268190683748648
      }
    },
    "taboa_DC_30d": {
      "filename": "taboa_DC_30d.png",
      "fiber": "taboa",
      "image_size": [
        770,
        1024
      ],
      "orientation": {
        "mean_angle": 5.999532339118987,
        "std_angle": 101.3016771220898,
        "orientation_index": 0.0
      },
      "porosity": {
        "porosity_pct": 73.09177150974025,
        "num_pores": 97,
        "mean_pore_area": 5941.381443298969,
        "pore_circularity": 0.39807365682278156,
        "aspect_ratio": 2.5165647013462644
      },
      "structure": {
        "fibril_density": 34.72554788961039,
        "num_junctions": 256986,
        "skeleton_length": 273804
      },
      "texture": {
        "glcm_contrast": 48.48693882680617,
        "glcm_dissimilarity": 4.474541000725086,
        "glcm_homogeneity": 0.255454155432028,
        "glcm_energy": 0.06213437219235739,
        "glcm_correlation": 0.6287298537680472,
        "mean_surface_roughness": 581.0416533420506,
        "std_surface_roughness": 839.2643778725757,
        "max_surface_roughness": 12961.13902127013
      },
      "fractures": {
        "num_fractures": 139,
        "total_fracture_area": 932808.5,
        "fracture_length": 46448,
        "damage_severity": 121.25006341314935,
        "severity_class": "Crítico",
        "avg_aspect_ratio": 2.4736293518023604
      }
    },
    "taboa_ST_180d": {
      "filename": "taboa_ST_180d.png",
      "fiber": "taboa",
      "image_size": [
        770,
        1024
      ],
      "orientation": {
        "mean_angle": -14.224708116906958,
        "std_angle": 105.48751857666463,
        "orientation_index": 0.0
      },
      "porosity": {
        "porosity_pct": 67.2652445211039,
        "num_pores": 190,
        "mean_pore_area": 2791.436842105263,
        "pore_circularity": 0.40921515387795254,
        "aspect_ratio": 2.884451880528623
      },
      "structure": {
        "fibril_density": 27.77724228896104,
        "num_junctions": 203923,
        "skeleton_length": 219018
      },
      "texture": {
        "glcm_contrast": 39.925286875468444,
        "glcm_dissimilarity": 4.224770096921435,
        "glcm_homogeneity": 0.268981058674008,
        "glcm_energy": 0.05212795972110546,
        "glcm_correlation": 0.7901100536662098,
        "mean_surface_roughness": 724.2599332796402,
        "std_surface_roughness": 846.2200028055623,
        "max_surface_roughness": 15151.630960079196
      },
      "fractures": {
        "num_fractures": 229,
        "total_fracture_area": 910734.5,
        "fracture_length": 27394,
        "damage_severity": 117.2422255478896,
        "severity_class": "Crítico",
        "avg_aspect_ratio": 2.827934584405411
      }
    },
    "taboa_ST_30d": {
      "filename": "taboa_ST_30d.png",
      "fiber": "taboa",
      "image_size": [
        770,
        1024
      ],
      "orientation": {
        "mean_angle": 19.35834183409003,
        "std_angle": 105.9484363898898,
        "orientation_index": 0.0
      },
      "porosity": {
        "porosity_pct": 32.754286728896105,
        "num_pores": 317,
        "mean_pore_area": 814.7034700315457,
        "pore_circularity": 0.39104665334163285,
        "aspect_ratio": 3.0828416871298483
      },
      "structure": {
        "fibril_density": 25.41421469155844,
        "num_junctions": 182148,
        "skeleton_length": 200386
      },
      "texture": {
        "glcm_contrast": 57.176681303964656,
        "glcm_dissimilarity": 5.559361225267511,
        "glcm_homogeneity": 0.1809897601220816,
        "glcm_energy": 0.036637025351726034,
        "glcm_correlation": 0.7156076360311183,
        "mean_surface_roughness": 941.6388841246633,
        "std_surface_roughness": 742.6405446636979,
        "max_surface_roughness": 12543.844273997367
      },
      "fractures": {
        "num_fractures": 237,
        "total_fracture_area": 808015.5,
        "fracture_length": 14991,
        "damage_severity": 103.4282416801948,
        "severity_class": "Crítico",
        "avg_aspect_ratio": 2.8381641510039057
      }
    }
  },
  "ouricuri": {
    "ouricuri_DC_180d": {
      "filename": "ouricuri_DC_180d.png",
      "fiber": "ouricuri",
      "image_size": [
        770,
        1024
      ],
      "orientation": {
        "mean_angle": 13.735290792723767,
        "std_angle": 100.87065441080082,
        "orientation_index": 0.0
      },
      "porosity": {
        "porosity_pct": 58.74759030032467,
        "num_pores": 175,
        "mean_pore_area": 2646.9314285714286,
        "pore_circularity": 0.41417240342596406,
        "aspect_ratio": 2.4211046461731596
      },
      "structure": {
        "fibril_density": 33.24447037337662,
        "num_junctions": 243314,
        "skeleton_length": 262126
      },
      "texture": {
        "glcm_contrast": 53.022880802301714,
        "glcm_dissimilarity": 5.263747135704422,
        "glcm_homogeneity": 0.20125228636308665,
        "glcm_energy": 0.042388466233766534,
        "glcm_correlation": 0.7169914007232225,
        "mean_surface_roughness": 675.6651348418808,
        "std_surface_roughness": 605.7058941356828,
        "max_surface_roughness": 11763.953543831834
      },
      "fractures": {
        "num_fractures": 43,
        "total_fracture_area": 810358.5,
        "fracture_length": 5552,
        "damage_severity": 103.12683898133118,
        "severity_class": "Crítico",
        "avg_aspect_ratio": 2.4942867679533127
      }
    },
    "ouricuri_DC_30d": {
      "filename": "ouricuri_DC_30d.png",
      "fiber": "ouricuri",
      "image_size": [
        768,
        1024
      ],
      "orientation": {
        "mean_angle": 8.68643315648002,
        "std_angle": 104.04177243880096,
        "orientation_index": 0.0
      },
      "porosity": {
        "porosity_pct": 57.78821309407552,
        "num_pores": 139,
        "mean_pore_area": 3269.5323741007196,
        "pore_circularity": 0.36201778606492896,
        "aspect_ratio": 2.2540734456043263
      },
      "structure": {
        "fibril_density": 39.66013590494792,
        "num_junctions": 300426,
        "skeleton_length": 311900
      },
      "texture": {
        "glcm_contrast": 115.56022878503798,
        "glcm_dissimilarity": 7.90497165405168,
        "glcm_homogeneity": 0.13752240337558702,
        "glcm_energy": 0.03474050685476968,
        "glcm_correlation": 0.48804481278711176,
        "mean_surface_roughness": 1174.656162607404,
        "std_surface_roughness": 850.499072086302,
        "max_surface_roughness": 12794.131296217418
      },
      "fractures": {
        "num_fractures": 45,
        "total_fracture_area": 808384.0,