two_theta_deg,intensity_syagrus_raw,intensity_typha_raw,syagrus_bgsub_norm,typha_bgsub_norm,syagrus_plot,typha_plot
5.003,10899,10962,0.1787781350482315,0.3319214478244128,0.3287781350482315,-0.3180785521755872
5.029,11025,10692,0.22540192926045016,0.22795533307662688,0.37540192926045013,-0.42204466692337317
5.055,10878,10650,0.17781350482315111,0.2117828263380824,0.3278135048231511,-0.4382171736619176
5.081,10983,10754,0.2112540192926045,0.25837504813246054,0.3612540192926045,-0.3916249518675395
5.107,10858,10754,0.1707395498392283,0.2656911821332307,0.32073954983922826,-0.38430881786676935
5.133,10920,10962,0.19035369774919614,0.34539853677319987,0.3403536977491961,-0.30460146322680015
5.159,10899,10650,0.1832797427652733,0.2248748556026184,0.3332797427652733,-0.4251251443973816
5.185,10774,10588,0.14276527331189712,0.2006160954948017,0.2927652733118971,-0.44938390450519833
5.211,10920,10712,0.1919614147909968,0.2510589141316904,0.3419614147909968,-0.3989410858683096
5.237,10899,10547,0.18520900321543407,0.18752406623026568,0.33520900321543406,-0.46247593376973434
5.263,10920,10445,0.1919614147909968,0.15209857527916826,0.3419614147909968,-0.49790142472083176
5.289,10712,10547,0.12508038585209003,0.1986907970735464,0.27508038585209005,-0.4513092029264536
5.315,10858,10733,0.17472668810289377,0.274547554871005,0.32472668810289373,-0.375452445128995
5.341,11025,10527,0.232475884244373,0.1979206777050443,0.38247588424437295,-0.45207932229495573
5.367,10816,10527,0.16527331189710612,0.2052368117058144,0.3152733118971061,-0.4447631882941856
5.393,10774,10650,0.1517684887459807,0.2522140931844436,0.3017684887459807,-0.3977859068155564
5.419,10650,10630,0.11189710610932475,0.24412783981517136,0.26189710610932476,-0.40587216018482863
5.445,10858,10774,0.1787781350482315,0.3057373892953408,0.3287781350482315,-0.34426261070465924
5.471,10795,10506,0.1585209003215434,0.2033115132845591,0.3085209003215434,-0.4466884867154409
5.497,10712,10486,0.13247588424437298,0.19522525991528686,0.282475884244373,-0.4547747400847132
5.523,10774,10404,0.16463022508038586,0.16326530612244897,0.31463022508038585,-0.4867346938775511
5.549,10795,10547,0.17138263665594855,0.2183288409703504,0.3213826366559486,-0.4316711590296496
5.575,10774,10568,0.16463022508038586,0.2333461686561417,0.31463022508038585,-0.41665383134385836
5.601,10774,10692,0.16463022508038586,0.2884097035040431,0.31463022508038585,-0.3615902964959569
5.627,10795,10568,0.1767845659163985,0.241817481709665,0.3267845659163985,-0.40818251829033503
5.653,10795,10712,0.17813504823151124,0.2972660762418175,0.32813504823151124,-0.3527339237581825
5.679,10899,10568,0.21157556270096464,0.24720831728917983,0.36157556270096464,-0.4027916827108202
5.705,10712,10527,0.15144694533762057,0.23873700423565652,0.30144694533762056,-0.4112629957643435
5.731,10712,10650,0.15144694533762057,0.2857142857142857,0.30144694533762056,-0.3642857142857143
5.757,10650,10568,0.13151125401929262,0.2537543319214478,0.2815112540192926,-0.3962456680785522
5.783,10692,10486,0.145016077170418,0.22564497497112052,0.295016077170418,-0.4243550250288795
5.809,10774,10527,0.17717041800643088,0.24143242202541393,0.3271704180064309,-0.4085675779745861
5.835,10878,10568,0.2202572347266881,0.25721986907970734,0.3702572347266881,-0.3927801309202927
5.861,10650,10527,0.14662379421221866,0.24412783981517136,0.2966237942122186,-0.40587216018482863
5.887,10650,10404,0.1508038585209003,0.20177127454755486,0.3008038585209003,-0.4482287254524452
5.913,10692,10465,0.16591639871382638,0.22525991528686948,0.3159163987138264,-0.4247400847131305
5.939,10733,10363,0.1787781350482315,0.18598382749326145,0.3287781350482315,-0.46401617250673854
5.965,10733,10363,0.18493569131832785,0.18598382749326145,0.33493569131832784,-0.46401617250673854
5.991,10568,10465,0.13762057877813505,0.22603003465537158,0.28762057877813507,-0.42396996534462844
6.017,10588,10527,0.1440514469453376,0.2572006160954951,0.2940514469453376,-0.3927993839045049
6.043,10568,10568,0.13762057877813505,0.2799383904505198,0.28762057877813507,-0.3700616095494802
6.069,10568,10630,0.13762057877813505,0.3038120908740855,0.28762057877813507,-0.3461879091259145
6.095,10630,10527,0.16334405144694533,0.27801309202926455,0.3133440514469453,-0.37198690797073547
6.121,10527,10363,0.13086816720257236,0.2164035425490951,0.28086816720257235,-0.4335964574509049
6.147,10506,10343,0.1292604501607717,0.20870234886407393,0.2792604501607717,-0.4412976511359261
6.173,10630,10486,0.1752411575562701,0.26376588371197535,0.3252411575562701,-0.3862341162880247
6.199,10692,10506,0.19485530546623794,0.27146707739699655,0.34485530546623794,-0.3785329226030035
6.225,10671,10343,0.190032154340836,0.20870234886407393,0.340032154340836,-0.4412976511359261
6.251,10630,10343,0.17684887459807075,0.21332306507508664,0.32684887459807077,-0.4366769349249134
6.277,10671,10445,0.19710610932475883,0.25567963034270313,0.3471061093247588,-0.3943203696572969
6.303,10733,10424,0.22282958199356914,0.2475933769734309,0.37282958199356914,-0.40240662302656915
6.329,10671,10343,0.20289389067524116,0.2164035425490951,0.35289389067524113,-0.4335964574509049
6.355,10527,10424,0.15659163987138264,0.2475933769734309,0.3065916398713826,-0.40240662302656915
6.381,10506,10384,0.14983922829581994,0.23488640739314592,0.29983922829581994,-0.4151135926068541
6.407,10527,10241,0.1585209003215434,0.18482864844050828,0.3085209003215434,-0.46517135155949174
6.433,10568,10363,0.1762057877813505,0.23180592991913745,0.32620578778135045,-0.41819407008086257
6.459,10568,10445,0.17749196141479098,0.2633808240277243,0.327491961414791,-0.38661917597227574
6.485,10465,10323,0.1495176848874598,0.21750096264921076,0.2995176848874598,-0.43249903735078926
6.511,10445,10343,0.14308681672025725,0.23142087023488642,0.29308681672025727,-0.4185791297651136
6.537,10465,10424,0.1495176848874598,0.2626107046592222,0.2995176848874598,-0.3873892953407778
6.563,10506,10323,0.16270096463022507,0.22371967654986524,0.31270096463022506,-0.4262803234501348
6.589,10527,10302,0.1694533762057878,0.2229495571813631,0.3194533762057878,-0.4270504428186369
6.615,10650,10445,0.2090032154340836,0.2783981517135156,0.3590032154340836,-0.3716018482864844
6.641,10630,10445,0.2080385852090032,0.2783981517135156,0.3580385852090032,-0.3716018482864844
6.667,10650,10282,0.22057877813504823,0.22764728532922632,0.37057877813504825,-0.42235271467077373
6.693,10692,10201,0.23536977491961414,0.2052368117058144,0.3853697749196141,-0.4447631882941856
6.719,10568,10221,0.1954983922829582,0.21486330381209087,0.3454983922829582,-0.4351366961879092
6.745,10486,10262,0.16913183279742766,0.23065075086638429,0.31913183279742763,-0.4193492491336157
6.771,10465,10282,0.16623794212218648,0.23835194455140546,0.3162379421221865,-0.41164805544859456
6.797,10527,10282,0.1887459807073955,0.23835194455140546,0.3387459807073955,-0.41164805544859456
6.823,10588,10262,0.21479099678456592,0.23065075086638429,0.36479099678456595,-0.4193492491336157
6.849,10568,10424,0.21768488745980707,0.29303041971505583,0.3676848874598071,-0.3569695802849442
6.875,10609,10363,0.23054662379421223,0.2695417789757412,0.3805466237942122,-0.3804582210242588
6.901,10588,10262,0.22347266881028938,0.23065075086638429,0.3734726688102894,-0.4193492491336157
6.927,10465,10140,0.18810289389067525,0.1836734693877551,0.33810289389067527,-0.46632653061224494
6.953,10527,10221,0.2080385852090032,0.21486330381209087,0.3580385852090032,-0.4351366961879092
6.979,10547,10201,0.2144694533762058,0.2071621101270697,0.3644694533762058,-0.4428378898729303
7.005,10630,10181,0.24115755627009647,0.2006160954948017,0.39115755627009646,-0.44938390450519833
7.031,10568,10323,0.2212218649517685,0.254909510974201,0.37122186495176845,-0.395090489025799
7.057,10547,10201,0.2144694533762058,0.20754716981132076,0.3644694533762058,-0.44245283018867926
7.083,10547,10161,0.2144694533762058,0.19175972275702735,0.3644694533762058,-0.45824027724297267
7.109,10363,10221,0.1553054662379421,0.21486330381209087,0.3053054662379421,-0.4351366961879092
7.135,10568,10262,0.2212218649517685,0.23065075086638429,0.37122186495176845,-0.4193492491336157
7.161,10445,10201,0.18167202572347266,0.2071621101270697,0.33167202572347265,-0.4428378898729303
7.187,10343,10020,0.14887459807073955,0.13746630727762804,0.29887459807073957,-0.512533692722372
7.213,10445,10120,0.18167202572347266,0.1759722757027339,0.33167202572347265,-0.47402772429726614
7.239,10547,10201,0.2144694533762058,0.2071621101270697,0.3644694533762058,-0.4428378898729303
7.265,10568,10181,0.2212218649517685,0.19946091644204852,0.37122186495176845,-0.45053908355795147
7.291,10547,10221,0.2144694533762058,0.21486330381209087,0.3644694533762058,-0.4351366961879092
7.317,10323,10201,0.142443729903537,0.2071621101270697,0.29244372990353695,-0.4428378898729303
7.343,10609,10201,0.23762057877813506,0.21101270696958027,0.38762057877813505,-0.4389872930304197
7.369,10424,10323,0.18135048231511253,0.2576049287639584,0.33135048231511255,-0.3923950712360416
7.395,10323,10060,0.14887459807073955,0.15594917212167886,0.29887459807073957,-0.49405082787832116
7.421,10323,10080,0.14887459807073955,0.16326530612244897,0.29887459807073957,-0.4867346938775511
7.447,10262,10241,0.1292604501607717,0.2248748556026184,0.2792604501607717,-0.4251251443973816
7.473,10588,10221,0.23408360128617364,0.21678860223334617,0.38408360128617364,-0.43321139776665385
7.499,10465,10181,0.1945337620578778,0.20100115517905276,0.3445337620578778,-0.44899884482094726
7.525,10302,10100,0.14303858520900334,0.16942626107046593,0.29303858520900333,-0.4805737389295341
7.551,10465,10000,0.19514469453376193,0.13053523296110897,0.34514469453376195,-0.519464767038891
7.577,10404,10100,0.18102893890675242,0.1686561417019638,0.33102893890675245,-0.4813438582980362
7.603,10424,10100,0.187459807073955,0.16827108201771274,0.33745980707395495,-0.4817289179822873
7.629,10302,10201,0.1482315112540193,0.2071621101270697,0.29823151125401925,-0.4428378898729303
7.655,10363,9980,0.16784565916398714,0.12206391990758568,0.3178456591639871,-0.5279360800924143
7.681,10343,10040,0.16141479099678457,0.14516750096264922,0.3114147909967846,-0.5048324990373508
7.707,10384,9940,0.17459807073954983,0.10666153253754332,0.3245980707395498,-0.5433384674624567
7.733,10343,10100,0.16141479099678457,0.16827108201771274,0.3114147909967846,-0.4817289179822873
7.759,10384,10140,0.17459807073954983,0.1836734693877551,0.3245980707395498,-0.46632653061224494
7.785,10404,10282,0.18102893890675242,0.23835194455140546,0.33102893890675245,-0.41164805544859456
7.811,10302,10060,0.1482315112540193,0.1528686946476704,0.29823151125401925,-0.49713130535232963
7.837,10384,10140,0.17459807073954983,0.1836734693877551,0.3245980707395498,-0.46632653061224494
7.863,10404,9980,0.18102893890675242,0.12206391990758568,0.33102893890675245,-0.5279360800924143
7.889,10302,10020,0.1482315112540193,0.13746630727762804,0.29823151125401925,-0.512533692722372
7.915,10161,9940,0.10289389067524116,0.10666153253754332,0.25289389067524115,-0.5433384674624567
7.941,10262,9801,0.13536977491961416,0.053138236426646134,0.2853697749196141,-0.5968617635733539
7.967,10445,9960,0.19421221864951768,0.11436272622256449,0.3442122186495177,-0.5356372737774355
7.993,10181,10100,0.10932475884244373,0.16827108201771274,0.2593247588424437,-0.4817289179822873
8.019,10241,10000,0.12861736334405144,0.12976511359260687,0.2786173633440514,-0.5202348864073931
8.045,10302,9900,0.1482315112540193,0.09125914516750096,0.29823151125401925,-0.558740854832499
8.071,10343,9880,0.16141479099678457,0.08355795148247978,0.3114147909967846,-0.5664420485175202
8.097,10100,10020,0.0832797427652733,0.13746630727762804,0.2332797427652733,-0.512533692722372
8.123,10241,10040,0.12861736334405144,0.14516750096264922,0.2786173633440514,-0.5048324990373508
8.149,10241,10040,0.12861736334405144,0.14516750096264922,0.2786173633440514,-0.5048324990373508
8.175,10404,9940,0.18102893890675242,0.10666153253754332,0.33102893890675245,-0.5433384674624567
8.201,10323,9920,0.15498392282958198,0.09896033885252215,0.304983922829582,-0.5510396611474779
8.227,10140,9761,0.09614147909967846,0.03773584905660377,0.24614147909967846,-0.6122641509433963
8.253,10241,9801,0.12861736334405144,0.053138236426646134,0.2786173633440514,-0.5968617635733539
8.279,10262,9880,0.13536977491961416,0.08355795148247978,0.2853697749196141,-0.5664420485175202
8.305,10201,9841,0.1157556270096463,0.06854062379668849,0.2657556270096463,-0.5814593762033116
8.331,10181,9980,0.10932475884244373,0.12206391990758568,0.2593247588424437,-0.5279360800924143
8.357,10241,9920,0.12861736334405144,0.09896033885252215,0.2786173633440514,-0.5510396611474779
8.383,10241,9900,0.12861736334405144,0.09125914516750096,0.2786173633440514,-0.558740854832499
8.409,10120,9960,0.08971061093247588,0.11436272622256449,0.23971061093247586,-0.5356372737774355
8.435,10140,9940,0.09614147909967846,0.10666153253754332,0.24614147909967846,-0.5433384674624567
8.461,10241,9860,0.12861736334405144,0.07585675779745861,0.2786173633440514,-0.5741432422025414
8.487,10140,9880,0.09614147909967846,0.08355795148247978,0.24614147909967846,-0.5664420485175202
8.513,10140,9900,0.09614147909967846,0.09125914516750096,0.24614147909967846,-0.558740854832499
8.539,10302,9880,0.1482315112540193,0.08355795148247978,0.29823151125401925,-0.5664420485175202
8.565,10080,9801,0.07684887459807074,0.053138236426646134,0.22684887459807074,-0.5968617635733539
8.591,10040,9841,0.06398713826366559,0.06854062379668849,0.21398713826366558,-0.5814593762033116
8.617,10120,9761,0.08971061093247588,0.03773584905660377,0.23971061093247586,-0.6122641509433963
8.643,10080,9742,0.07684887459807074,0.030419715055833654,0.22684887459807074,-0.6195802849441664
8.669,10040,9742,0.06398713826366559,0.030419715055833654,0.21398713826366558,-0.6195802849441664
8.695,10020,9801,0.057556270096463025,0.053138236426646134,0.20755627009646302,-0.5968617635733539
8.721,10040,9722,0.06398713826366559,0.022718521370812476,0.21398713826366558,-0.6272814786291876
8.747,10040,9801,0.06398713826366559,0.053138236426646134,0.21398713826366558,-0.5968617635733539
8.773,10080,9900,0.07684887459807074,0.09125914516750096,0.22684887459807074,-0.558740854832499
8.799,10100,9781,0.0832797427652733,0.04543704274162495,0.2332797427652733,-0.604562957258375
8.825,10000,9761,0.05112540192926045,0.03773584905660377,0.20112540192926043,-0.6122641509433963
8.851,9841,9781,0.0,0.04543704274162495,0.15,-0.604562957258375
8.877,9880,9781,0.012540192926045015,0.04543704274162495,0.16254019292604502,-0.604562957258375
8.903,9940,9801,0.031832797427652736,0.053138236426646134,0.18183279742765274,-0.5968617635733539
8.929,9940,9801,0.031832797427652736,0.053138236426646134,0.18183279742765274,-0.5968617635733539
8.955,10000,9722,0.05112540192926045,0.022718521370812476,0.20112540192926043,-0.6272814786291876
8.981,10040,9742,0.06398713826366559,0.030419715055833654,0.21398713826366558,-0.6195802849441664
9.007,10020,9761,0.057556270096463025,0.03773584905660377,0.20755627009646302,-0.6122641509433963
9.033,9960,9663,0.038263665594855306,0.0,0.1882636655948553,-0.65
9.059,9980,9663,0.04469453376205788,0.0,0.19469453376205786,-0.65
9.085,10000,9643,0.05112540192926045,0.0,0.20112540192926043,-0.65
9.111,10000,9624,0.05112540192926045,0.0,0.20112540192926043,-0.65
9.137,10040,9604,0.06398713826366559,0.0,0.21398713826366558,-0.65
9.163,9960,9487,0.038263665594855306,0.0,0.1882636655948553,-0.65
9.189,9960,9526,0.038263665594855306,0.0,0.1882636655948553,-0.65
9.215,10000,9663,0.05112540192926045,0.0,0.20112540192926043,-0.65
9.241,9860,9722,0.006109324758842444,0.022718521370812476,0.15610932475884243,-0.6272814786291876
9.267,9880,9683,0.012540192926045015,0.007701193685021178,0.16254019292604502,-0.6422988063149788
9.293,9960,9584,0.038263665594855306,0.0,0.1882636655948553,-0.65
9.319,9880,9643,0.012540192926045015,0.0,0.16254019292604502,-0.65
9.345,9880,9742,0.012540192926045015,0.030419715055833654,0.16254019292604502,-0.6195802849441664
9.371,9860,9761,0.006109324758842444,0.03773584905660377,0.15610932475884243,-0.6122641509433963
9.397,9900,9781,0.018971061093247588,0.04543704274162495,0.16897106109324758,-0.604562957258375
9.423,9880,9821,0.012540192926045015,0.06083943011166731,0.16254019292604502,-0.5891605698883328
9.449,9880,9801,0.012540192926045015,0.053138236426646134,0.16254019292604502,-0.5968617635733539
9.475,9940,9643,0.031832797427652736,0.0,0.18183279742765274,-0.65
9.501,9960,9722,0.038263665594855306,0.022718521370812476,0.1882636655948553,-0.6272814786291876
9.527,9761,9722,0.0,0.022718521370812476,0.15,-0.6272814786291876
9.553,9761,9781,0.0,0.04543704274162495,0.15,-0.604562957258375
9.579,9900,9702,0.018971061093247588,0.015017327685791297,0.16897106109324758,-0.6349826723142087
9.605,9841,9643,0.0,0.0,0.15,-0.65
9.631,9920,9742,0.02540192926045016,0.030419715055833654,0.17540192926045015,-0.6195802849441664
9.657,9920,9761,0.02540192926045016,0.03773584905660377,0.17540192926045015,-0.6122641509433963
9.683,9960,9683,0.04469453376205788,0.007701193685021178,0.19469453376205786,-0.6422988063149788
9.709,10000,9742,0.057556270096463025,0.030419715055833654,0.20755627009646302,-0.6195802849441664
9.735,10000,9761,0.057556270096463025,0.03773584905660377,0.20755627009646302,-0.6122641509433963
9.761,9880,9663,0.02540192926045016,0.0,0.17540192926045015,-0.65
9.787,9860,9761,0.018971061093247588,0.03773584905660377,0.16897106109324758,-0.6122641509433963
9.813,9841,9683,0.012861736334405145,0.007701193685021178,0.16286173633440515,-0.6422988063149788
9.839,9683,9860,0.0,0.07585675779745861,0.15,-0.5741432422025414
9.865,9920,9821,0.04469453376205788,0.06083943011166731,0.19469453376205786,-0.5891605698883328
9.891,9940,9702,0.05112540192926045,0.015017327685791297,0.20112540192926043,-0.6349826723142087
9.917,9880,9663,0.038263665594855306,0.0,0.1882636655948553,-0.65
9.943,9841,9526,0.02572347266881029,0.0,0.17572347266881028,-0.65
9.969,9801,9801,0.012861736334405145,0.053138236426646134,0.16286173633440515,-0.5968617635733539
9.995,9980,9860,0.08295819935691319,0.07585675779745861,0.2329581993569132,-0.5741432422025414
10.021,9781,9781,0.018971061093247588,0.04543704274162495,0.16897106109324758,-0.604562957258375
10.047,10000,9702,0.09581993569131833,0.015017327685791297,0.24581993569131833,-0.6349826723142087
10.073,10020,9940,0.10836012861736334,0.10666153253754332,0.25836012861736335,-0.5433384674624567
10.099,9920,9860,0.07620578778135048,0.08355795148247978,0.22620578778135048,-0.5664420485175202
10.125,9841,9722,0.057234726688102894,0.030419715055833654,0.2072347266881029,-0.6195802849441664
10.151,9900,10060,0.08263665594855306,0.16056988833269156,0.23263665594855304,-0.48943011166730843
10.177,9801,9900,0.05691318327974276,0.09896033885252215,0.20691318327974276,-0.5510396611474779
10.203,9683,9880,0.018971061093247588,0.09125914516750096,0.16897106109324758,-0.558740854832499
10.229,9920,9860,0.10803858520900321,0.08355795148247978,0.2580385852090032,-0.5664420485175202
10.255,9841,9960,0.08263665594855306,0.1293800539083558,0.23263665594855304,-0.5206199460916442
10.281,9980,9940,0.13344051446945338,0.12167886022333461,0.2834405144694534,-0.5283211397766654
10.307,9821,9940,0.09485530546623794,0.12167886022333461,0.24485530546623793,-0.5283211397766654
10.333,9860,9960,0.11993569131832797,0.1293800539083558,0.26993569131832795,-0.5206199460916442
10.359,9920,10100,0.14565916398713827,0.19098960338852522,0.29565916398713826,-0.4590103966114748
10.385,10100,10000,0.20353697749196142,0.15248363496341932,0.35353697749196145,-0.4975163650365807
10.411,9960,10080,0.1585209003215434,0.19098960338852522,0.3085209003215434,-0.4590103966114748
10.437,10100,10080,0.20964630225080386,0.20600693107431653,0.35964630225080385,-0.44399306892568347
10.463,9980,10100,0.17749196141479098,0.2210242587601078,0.327491961414791,-0.42897574123989224
10.489,9940,10100,0.18938906752411575,0.2210242587601078,0.33938906752411574,-0.42897574123989224
10.515,9960,9980,0.20192926045016077,0.18983442433577205,0.35192926045016076,-0.460165575664228
10.541,10000,10140,0.23344051446945338,0.27416249518675395,0.3834405144694534,-0.37583750481324607
10.567,10201,9960,0.3167202572347267,0.21216788602233347,0.46672025723472665,-0.4378321139776665
10.593,10060,10282,0.28360128617363345,0.34347323835194454,0.43360128617363347,-0.3065267616480555
10.619,10100,10020,0.2964630225080386,0.25028879476318827,0.4464630225080386,-0.39971120523681175
10.645,10000,10221,0.2707395498392283,0.3423180592991914,0.42073954983922834,-0.3076819407008086
10.671,10040,10302,0.2897106109324759,0.37350789372352716,0.4397106109324759,-0.27649210627647286
10.697,9940,10343,0.27588424437299036,0.411628802464382,0.42588424437299033,-0.23837119753561803
10.723,9860,10343,0.25016077170418005,0.411628802464382,0.4001607717041801,-0.23837119753561803
10.749,10080,10221,0.32090032154340836,0.3869849826723142,0.47090032154340833,-0.26301501732768584
10.775,10060,10161,0.3327974276527331,0.3862148633038121,0.48279742765273315,-0.2637851366961879
10.801,10080,10262,0.34533762057877815,0.4397381594147093,0.49533762057877817,-0.21026184058529074
10.827,10040,10506,0.33247588424437297,0.5336927223719676,0.48247588424437293,-0.11630727762803239
10.853,10140,10527,0.3707395498392283,0.5564112437427802,0.5207395498392283,-0.09358875625721985
10.879,10161,10404,0.39581993569131835,0.5090489025798999,0.5458199356913184,-0.14095109742010015
10.905,10241,10445,0.4337620578778135,0.5321524836349634,0.5837620578778135,-0.11784751636503665
10.931,10161,10424,0.4138263665594855,0.5386984982672314,0.5638263665594855,-0.11130150173276865
10.957,10221,10445,0.43922829581993567,0.5467847516365036,0.5892282958199356,-0.10321524836349638
10.983,10201,10445,0.43890675241157556,0.568733153638814,0.5889067524115755,-0.08126684636118597
11.009,10282,10650,0.47106109324758844,0.6476703889102811,0.6210610932475884,-0.0023296110897189637
11.035,10201,10445,0.445016077170418,0.6049287639584136,0.595016077170418,-0.04507123604158647
11.061,10140,10588,0.4315112540192926,0.6819407008086253,0.5815112540192926,0.03194070080862532
11.087,10060,10692,0.4057877813504823,0.7293030419715055,0.5557877813504823,0.0793030419715055
11.113,10080,10754,0.4122186495176849,0.7889872930304197,0.5622186495176849,0.13898729303041968
11.139,10161,10671,0.4562700964630225,0.7570273392375818,0.6062700964630225,0.10702733923758179
11.165,10120,10630,0.44308681672025724,0.7412398921832885,0.5930868167202572,0.09123989218328843
11.191,10201,10671,0.47491961414790995,0.7570273392375818,0.62491961414791,0.10702733923758179
11.217,10404,10671,0.5401929260450161,0.7570273392375818,0.6901929260450161,0.10702733923758179
11.243,10404,10733,0.5463022508038585,0.7882171736619176,0.6963022508038585,0.13821717366191755
11.269,10282,10588,0.5131832797427652,0.7466307277628033,0.6631832797427653,0.09663072776280324
11.295,10282,10568,0.5131832797427652,0.7389295340777821,0.6631832797427653,0.08892953407778204
11.321,10262,10588,0.5067524115755627,0.7539468617635734,0.6567524115755627,0.10394686176357337
11.347,10241,10733,0.5,0.8525221409318444,0.65,0.2025221409318444
11.373,10302,10754,0.5196141479099678,0.8606083943011167,0.6696141479099679,0.21060839430111666
11.399,10221,10692,0.49356913183279744,0.8367346938775511,0.6435691318327974,0.18673469387755104
11.425,10181,10733,0.4864951768488746,0.8594532152483635,0.6364951768488746,0.20945321524836347
11.451,10282,10795,0.5189710610932476,0.8975741239892183,0.6689710610932477,0.2475741239892183
11.477,10282,10816,0.52508038585209,0.9125914516750097,0.6750803858520901,0.26259145167500964
11.503,10323,10733,0.5382636655948553,0.894878706199461,0.6882636655948553,0.24487870619946095
11.529,10323,10795,0.5501607717041801,0.9256834809395457,0.7001607717041801,0.27568348093954564
11.555,10302,10816,0.5434083601286174,0.9337697343088178,0.6934083601286174,0.2837697343088178
11.581,10241,10795,0.5237942122186495,0.9329996149403158,0.6737942122186495,0.2829996149403158
11.607,10201,10920,0.5170418006430868,0.9880631497882172,0.6670418006430868,0.33806314978821717
11.633,10262,10899,0.5366559485530547,0.9799768964189449,0.6866559485530547,0.3299768964189449
11.659,10302,10795,0.5553054662379421,0.954177897574124,0.7053054662379421,0.30417789757412395
11.685,10241,10795,0.5418006430868167,0.954177897574124,0.6918006430868168,0.30417789757412395
11.711,10181,10754,0.522508038585209,0.9383904505198306,0.672508038585209,0.2883904505198306
11.737,10201,10774,0.5289389067524116,0.9460916442048517,0.6789389067524116,0.2960916442048517
11.763,10181,10878,0.522508038585209,1.0,0.672508038585209,0.35
11.789,10302,10754,0.5614147909967846,0.9522525991528686,0.7114147909967846,0.3022525991528686
11.815,10323,10671,0.5681672025723473,0.9272237196765498,0.7181672025723473,0.2772237196765498
11.841,10181,10671,0.5282958199356913,0.9272237196765498,0.6782958199356913,0.2772237196765498
11.867,10161,10795,0.5218649517684888,0.9749711205236812,0.6718649517684888,0.32497112052368116
11.893,10282,10774,0.5607717041800643,0.973815941470928,0.7107717041800643,0.32381594147092796
11.919,10120,10692,0.5086816720257235,0.9422410473623412,0.6586816720257235,0.29224104736234113
11.945,10020,10630,0.48263665594855304,0.9183673469387755,0.632636655948553,0.2683673469387755
11.971,10040,10486,0.4890675241157556,0.8840970350404312,0.6390675241157556,0.23409703504043122
11.997,9940,10671,0.4627009646302251,0.9553330766268772,0.612700964630225,0.30533307662687714
12.023,10040,10692,0.49485530546623796,0.9634193299961494,0.6448553054662379,0.3134193299961494
12.049,10020,10671,0.4884244372990354,0.9691952252599153,0.6384244372990354,0.3191952252599153
12.075,9980,10588,0.4816720257234727,0.9441663457835965,0.6316720257234727,0.29416634578359646
12.101,10040,10486,0.5067524115755627,0.9118213323065075,0.6567524115755627,0.2618213323065075
12.127,10060,10465,0.5131832797427652,0.9175972275702734,0.6631832797427653,0.2675972275702734
12.153,9980,10486,0.4932475884244373,0.9256834809395457,0.6432475884244373,0.27568348093954564
12.179,9821,10445,0.44212218649517687,0.9098960338852522,0.5921221864951769,0.2598960338852522
12.205,9860,10445,0.45466237942122184,0.9098960338852522,0.6046623794212218,0.2598960338852522
12.231,9920,10181,0.4739549839228296,0.8082402772429726,0.6239549839228296,0.15824027724297263
12.257,9722,10384,0.41639871382636656,0.8864073931459376,0.5663987138263665,0.23640739314593762
12.283,9781,10384,0.43536977491961415,0.8864073931459376,0.5853697749196142,0.23640739314593762
12.309,9821,10445,0.45980707395498394,0.9098960338852522,0.6098070739549839,0.2598960338852522
12.335,9761,10343,0.4405144694533762,0.8706199460916442,0.5905144694533762,0.22061994609164415
12.361,9702,10262,0.42765273311897106,0.8394301116673084,0.577652733118971,0.1894301116673084
12.387,9821,10020,0.46591639871382634,0.7462456680785522,0.6159163987138263,0.09624566807855217
12.413,9860,10161,0.47845659163987136,0.8005390835579514,0.6284565916398713,0.15053908355795143
12.439,9643,10120,0.4086816720257235,0.7916827108201772,0.5586816720257235,0.14168271082017714
12.465,9624,10161,0.40836012861736337,0.8074701578744705,0.5583601286173634,0.1574701578744705
12.491,9624,9960,0.40836012861736337,0.7508663842895649,0.5583601286173634,0.10086638428956485
12.517,9526,9960,0.37684887459807076,0.7508663842895649,0.5268488745980707,0.10086638428956485
12.543,9663,9980,0.4266881028938907,0.7724297266076242,0.5766881028938907,0.12242972660762419
12.569,9584,10000,0.4012861736334405,0.7801309202926454,0.5512861736334405,0.1301309202926454
12.595,9722,9761,0.45755627009646305,0.6881016557566423,0.6075562700964631,0.03810165575664226
12.621,9584,9841,0.4189710610932476,0.725452445128995,0.5689710610932476,0.07545244512899496
12.647,9565,9940,0.41864951768488745,0.7705044281863689,0.5686495176848875,0.12050442818636886
12.673,9487,9860,0.3935691318327974,0.7396996534462842,0.5435691318327974,0.08969965344628417
12.699,9448,9624,0.38681672025723474,0.6488255679630343,0.5368167202572347,-0.0011744320369657668
12.725,9428,9663,0.3803858520900322,0.6707739699653447,0.5303858520900322,0.02077396996534464
12.751,9467,9604,0.3929260450160772,0.6549865229110512,0.5429260450160772,0.004986522911051172
12.777,9467,9663,0.3990353697749196,0.6911821332306507,0.5490353697749196,0.041182133230650675
12.803,9467,9545,0.3990353697749196,0.6526761648055449,0.5490353697749196,0.0026761648055448894
12.829,9006,9409,0.2565916398713826,0.613785136696188,0.4065916398713826,-0.03621486330381207
12.855,9216,9624,0.32411575562700967,0.7104351174432036,0.4741157556270097,0.06043511744320362
12.881,9351,9624,0.367524115755627,0.7169811320754716,0.517524115755627,0.06698113207547163
12.907,9274,9428,0.35434083601286176,0.6553715825953023,0.5043408360128617,0.005371582595302238
12.933,9139,9370,0.3109324758842444,0.6465152098575279,0.46093247588424435,-0.0034847901424721606
12.959,9332,9332,0.3787781350482315,0.6318829418559877,0.5287781350482315,-0.01811705814401232
12.985,9082,9332,0.30996784565916397,0.6453600308047748,0.45996784565916393,-0.004639969195225246
13.011,9178,9390,0.3408360128617363,0.6742395071236041,0.4908360128617363,0.02423950712360412
13.037,9025,9274,0.29163987138263664,0.6630727762803235,0.4416398713826366,0.01307277628032344
13.063,9158,9158,0.33440514469453375,0.6318829418559877,0.4844051446945338,-0.01811705814401232
13.089,9082,9120,0.3215434083601286,0.6438197920677705,0.47154340836012865,-0.006180207932229509
13.115,9082,9274,0.3273311897106109,0.7100500577589527,0.47733118971061095,0.06005005775895267
13.141,9178,9216,0.3581993569131833,0.6942626107046592,0.5081993569131833,0.0442626107046592
13.167,9006,9082,0.3086816720257235,0.6492106276472853,0.4586816720257235,-0.0007893723527147012
13.193,8930,9025,0.2842443729903537,0.6403542549095109,0.4342443729903537,-0.0096457450904891
13.219,8874,9063,0.2662379421221865,0.6549865229110512,0.41623794212218646,0.004986522911051172
13.245,8987,9120,0.30836012861736334,0.6904120138621487,0.4583601286173633,0.040412013862148655
13.271,8798,9082,0.24758842443729903,0.6888717751251444,0.397588424437299,0.03887177512514439
13.297,8855,9025,0.2659163987138264,0.673469387755102,0.41591639871382635,0.02346938775510199
13.323,8836,8968,0.2598070739549839,0.6580670003850597,0.40980707395498395,0.008067000385059697
13.349,8817,8874,0.25369774919614146,0.6284174046977281,0.40369774919614143,-0.021582595302271912
13.375,8798,8968,0.24758842443729903,0.6777050442818637,0.397588424437299,0.02770504428186371
13.401,8742,8817,0.22958199356913184,0.6261070465922218,0.3795819935691318,-0.023892953407778195
13.427,8892,8798,0.27781350482315115,0.6187909125914517,0.42781350482315117,-0.03120908740854833
13.453,8817,8705,0.2594855305466238,0.5895263765883711,0.40948553054662384,-0.060473623411628874
13.479,8686,8649,0.22893890675241158,0.5679630342703119,0.3789389067524116,-0.0820369657296881
13.505,8742,8705,0.24694533762057877,0.5895263765883711,0.39694533762057876,-0.060473623411628874
13.531,8686,8705,0.22893890675241158,0.5960723912206392,0.3789389067524116,-0.05392760877936087
13.557,8668,8705,0.22861736334405144,0.5960723912206392,0.37861736334405144,-0.05392760877936087
13.583,8798,8686,0.2819935691318328,0.5887562572198691,0.43199356913183284,-0.061243742780130894
13.609,8705,8705,0.25209003215434084,0.6091644204851752,0.4020900321543408,-0.04083557951482486
13.635,8649,8630,0.23987138263665594,0.5868309587986138,0.38987138263665594,-0.06316904120138622
13.661,8686,8519,0.25176848874598073,0.5502502887947632,0.4017684887459807,-0.09974971120523679
13.687,8686,8519,0.25755627009646304,0.5502502887947632,0.407556270096463,-0.09974971120523679
13.713,8724,8649,0.2810289389067524,0.6199460916442049,0.4310289389067524,-0.030053908355795134
13.739,8686,8519,0.28006430868167204,0.5764343473238351,0.430064308681672,-0.07356565267616488
13.765,8649,8446,0.2739549839228296,0.5544859453215248,0.4239549839228296,-0.09551405467847518
13.791,8686,8391,0.29163987138263664,0.5398536773199846,0.4416398713826366,-0.11014632268001545
13.817,8761,8464,0.3157556270096463,0.5679630342703119,0.46575562700964634,-0.0820369657296881
13.843,8668,8501,0.29131832797427654,0.5887562572198691,0.4413183279742765,-0.061243742780130894
13.869,8612,8409,0.2790996784565916,0.5594917212167886,0.4290996784565916,-0.09050827878321144
13.895,8556,8391,0.26688102893890675,0.5525606469002695,0.4168810289389068,-0.09743935309973051
13.921,8575,8354,0.2729903536977492,0.5448594532152483,0.4229903536977492,-0.10514054678475171
13.947,8612,8354,0.284887459807074,0.5514054678475163,0.434887459807074,-0.0985945321524837
13.973,8519,8317,0.2604501607717042,0.5371582595302272,0.41045016077170415,-0.1128417404697728
13.999,8501,8263,0.2546623794212219,0.522525991528687,0.40466237942122185,-0.12747400847131307
14.025,8427,8263,0.23086816720257236,0.535618020793223,0.3808681672025723,-0.11438197920677706
14.051,8501,8190,0.2546623794212219,0.5075086638428956,0.40466237942122185,-0.1424913361571044
14.077,8593,8245,0.290032154340836,0.5413939160569888,0.440032154340836,-0.10860608394301119
14.103,8501,8372,0.2604501607717042,0.5964574509048902,0.41045016077170415,-0.053542549095109804
14.129,8538,8263,0.28360128617363345,0.5544859453215248,0.43360128617363347,-0.09551405467847518
14.155,8612,8082,0.31286173633440517,0.49749711205236813,0.4628617363344052,-0.1525028879476319
14.181,8593,8190,0.312540192926045,0.5644974971120523,0.462540192926045,-0.0855025028879477
14.207,8538,8281,0.29485530546623795,0.5995379283788987,0.44485530546623797,-0.05046207162110128
14.233,8538,8245,0.29485530546623795,0.5918367346938775,0.44485530546623797,-0.05816326530612248
14.259,8556,8245,0.30064308681672025,0.5918367346938775,0.4506430868167203,-0.05816326530612248
14.285,8556,8317,0.31189710610932475,0.6384289564882557,0.4618971061093248,-0.011571043511744317
14.311,8593,8446,0.3292604501607717,0.7069695802849442,0.4792604501607717,0.056969580284944144
14.337,8575,8372,0.3234726688102894,0.6784751636503658,0.4734726688102894,0.02847516365036573
14.363,8446,8281,0.28745980707395496,0.6434347323835194,0.43745980707395493,-0.0065652676164805746
14.389,8519,8190,0.3109324758842444,0.621101270696958,0.46093247588424435,-0.028898729303042048
14.415,8575,8064,0.3347266881028939,0.5849056603773585,0.4847266881028939,-0.06509433962264155
14.441,8538,8118,0.32282958199356915,0.6118598382749326,0.47282958199356917,-0.0381401617250674
14.467,8446,7974,0.2932475884244373,0.5564112437427802,0.44324758842443734,-0.09358875625721985
14.493,8336,7974,0.26334405144694534,0.5564112437427802,0.4133440514469453,-0.09358875625721985
14.519,8427,7957,0.2980707395498392,0.5498652291105122,0.4480707395498392,-0.10013477088948786
14.545,8482,8010,0.34372990353697747,0.5702733923758182,0.49372990353697743,-0.07972660762418182
14.571,8464,8082,0.33794212218649516,0.6045437042741625,0.48794212218649513,-0.04545629572583754
14.597,8464,8154,0.34340836012861736,0.6322680015402388,0.49340836012861733,-0.017731998459761256
14.623,8446,8136,0.34308681672025726,0.6314978821717366,0.4930868167202572,-0.018502117828263387
14.649,8354,8082,0.3135048231511254,0.6107046592221794,0.4635048231511254,-0.0392953407778206
14.675,8372,7974,0.31929260450160774,0.5691182133230651,0.4692926045016077,-0.08088178667693491
14.701,8336,7939,0.3131832797427653,0.5679630342703119,0.4631832797427653,-0.0820369657296881
14.727,8372,7939,0.33054662379421224,0.5741239892183289,0.4805466237942122,-0.07587601078167117
14.753,8446,8010,0.3598070739549839,0.607624181748171,0.5098070739549839,-0.04237581825182901
14.779,8245,8118,0.29517684887459805,0.6553715825953023,0.4451768488745981,0.005371582595302238
14.805,8263,8064,0.3009646302250804,0.6530612244897959,0.4509646302250804,0.003061224489795844
14.831,8281,8190,0.3067524115755627,0.7015787447054294,0.4567524115755627,0.051578744705429336
14.857,8354,8354,0.3356913183279743,0.77088948787062,0.4856913183279743,0.12088948787061993
14.883,8391,8427,0.34758842443729904,0.7989988448209473,0.497588424437299,0.14899884482094727
14.909,8391,8649,0.34758842443729904,0.8968040046207162,0.497588424437299,0.24680400462071617
14.935,8372,8630,0.3469453376205788,0.889487870619946,0.4969453376205788,0.23948787061994603
14.961,8372,8501,0.352411575562701,0.8579129765113592,0.502411575562701,0.2079129765113592
14.987,8299,8226,0.33440514469453375,0.7705044281863689,0.4844051446945338,0.12050442818636886
15.013,8208,8082,0.3051446945337621,0.7150558336542164,0.45514469453376205,0.06505583365421641
15.039,8118,7939,0.28167202572347266,0.6661532537543319,0.43167202572347263,0.016153253754331853
15.065,8226,7850,0.3163987138263666,0.6438197920677705,0.46639871382636655,-0.006180207932229509
15.091,8263,7691,0.3446945337620579,0.5887562572198691,0.49469453376205785,-0.061243742780130894
15.117,8409,7762,0.3971061093247588,0.6160954948016942,0.5471061093247588,-0.03390450519830579
15.143,8245,7726,0.3443729903536977,0.6022333461686561,0.49437299035369775,-0.04776665383134393
15.169,8118,7921,0.3090032154340836,0.6773199845976127,0.4590032154340836,0.027319984597612645
15.195,8028,7903,0.28006430868167204,0.6761648055448595,0.430064308681672,0.02616480554485945
15.221,8028,7656,0.28553054662379423,0.5872160184828649,0.4355305466237942,-0.06278398151713516
15.247,8172,7868,0.3427652733118971,0.6750096264921063,0.4927652733118971,0.02500962649210625
15.273,8245,7815,0.37138263665594856,0.6546014632268001,0.5213826366559485,0.0046014632268001066
15.299,8154,7779,0.34212218649517684,0.6588371197535619,0.4921221864951768,0.008837119753561828
15.325,8226,7639,0.3652733118971061,0.6049287639584136,0.5152733118971061,-0.04507123604158647
15.351,8172,7517,0.34790996784565914,0.5579514824797843,0.4979099678456591,-0.0920485175202157
15.377,8208,7430,0.364951768488746,0.5302271852137082,0.514951768488746,-0.11977281478629187
15.403,8118,7691,0.3360128617363344,0.6307277628032345,0.4860128617363344,-0.019272237196765518
15.429,8064,7552,0.3295819935691318,0.5833654216403542,0.4795819935691318,-0.06663457835964581
15.455,8245,7413,0.3932475884244373,0.5417789757412399,0.5432475884244373,-0.10822102425876012
15.481,8064,7362,0.34019292604501605,0.5279168271082018,0.4901929260450161,-0.12208317289179826
15.507,7903,7396,0.2884244372990354,0.5471698113207547,0.43842443729903535,-0.10283018867924532
15.533,8046,7448,0.33987138263665595,0.5729688101655757,0.48987138263665597,-0.07703118983442436
15.559,8046,7191,0.34533762057877815,0.48016942626107045,0.49533762057877817,-0.16983057373892957
15.585,8028,7191,0.33954983922829585,0.48016942626107045,0.48954983922829587,-0.16983057373892957
15.611,8118,7327,0.3684887459807074,0.5383134385829803,0.5184887459807074,-0.11168656141701971
15.637,8028,7293,0.33954983922829585,0.5371582595302272,0.48954983922829587,-0.1128417404697728
15.663,7921,7362,0.3051446945337621,0.5637273777435502,0.45514469453376205,-0.08627262225644983
15.689,8082,7276,0.35691318327974275,0.5306122448979592,0.5069131832797428,-0.1193877551020408
15.715,8028,7174,0.3446945337620579,0.4913361571043512,0.49469453376205785,-0.15866384289564883
15.741,7885,7208,0.29871382636655947,0.5102040816326531,0.44871382636655943,-0.13979591836734695
15.767,8028,7259,0.3446945337620579,0.535618020793223,0.49469453376205785,-0.11438197920677706
15.793,8028,7174,0.3446945337620579,0.5148247978436657,0.49469453376205785,-0.13517520215633427
15.819,8064,7242,0.3562700964630225,0.5410088563727378,0.5062700964630225,-0.10899114362726225
15.845,7815,7174,0.28167202572347266,0.5206006931074316,0.43167202572347263,-0.1293993068925684
15.871,8010,7157,0.3443729903536977,0.5140546784751636,0.49437299035369775,-0.1359453215248364
15.897,8028,7123,0.3501607717041801,0.5071236041586445,0.50016077170418,-0.14287639584135547
15.923,7974,7106,0.3327974276527331,0.5236811705814401,0.48279742765273315,-0.12631882941855987
15.949,7957,7157,0.34340836012861736,0.5433192144782442,0.49340836012861733,-0.10668078552175586
15.975,7921,7039,0.33183279742765276,0.5040431266846361,0.4818327974276527,-0.1459568733153639
16.001,7903,7090,0.3315112540192926,0.5236811705814401,0.4815112540192926,-0.12631882941855987
16.027,7779,6956,0.29678456591639873,0.47208317289179824,0.4467845659163987,-0.17791682710820178
16.053,7850,6989,0.32508038585209004,0.4847901424720832,0.47508038585209,-0.16520985752791684
16.079,7762,7157,0.29678456591639873,0.5494801694262611,0.4467845659163987,-0.10051983057373892
16.105,8028,7022,0.3823151125401929,0.503273007316134,0.5323151125401929,-0.14672699268386602
16.131,7992,6956,0.3707395498392283,0.4778590681555641,0.5207395498392283,-0.1721409318444359
16.157,7797,6922,0.30803858520900324,0.4647670388910281,0.4580385852090032,-0.18523296110897192
16.183,7709,6839,0.2797427652733119,0.4328070850981902,0.4297427652733119,-0.2171929149018098
16.209,7709,6939,0.2797427652733119,0.4713130535232961,0.4297427652733119,-0.1786869464767039
16.235,7726,7090,0.2852090032154341,0.5352329611089719,0.4352090032154341,-0.11476703889102813
16.261,7726,6989,0.2903536977491961,0.5021178282633808,0.4403536977491961,-0.14788217173661922
16.287,7621,6972,0.2565916398713826,0.5013477088948787,0.4065916398713826,-0.14865229110512135
16.313,7726,6906,0.2903536977491961,0.47593376973430884,0.4403536977491961,-0.17406623026569118
16.339,7744,6922,0.2961414790996785,0.4820947246823258,0.4461414790996785,-0.16790527531767424
16.365,7621,7006,0.2565916398713826,0.5144397381594147,0.4065916398713826,-0.13556026184058534
16.391,7709,6823,0.284887459807074,0.4497497112052368,0.434887459807074,-0.2002502887947632
16.417,7797,6872,0.3131832797427653,0.4686176357335387,0.4631832797427653,-0.18138236426646132
16.443,7709,6872,0.284887459807074,0.4686176357335387,0.434887459807074,-0.18138236426646132
16.469,7552,6790,0.23440514469453377,0.4370427416249519,0.3844051446945338,-0.21295725837504814
16.495,7639,6823,0.262379421221865,0.4497497112052368,0.412379421221865,-0.2002502887947632
16.521,7621,6724,0.2565916398713826,0.411628802464382,0.4065916398713826,-0.23837119753561803
16.547,7534,6708,0.22861736334405144,0.40546784751636505,0.37861736334405144,-0.24453215248363497
16.573,7586,6724,0.24533762057877814,0.41740469772814787,0.39533762057877814,-0.23259530227185216
16.599,7656,6708,0.2733118971061093,0.4112437427801309,0.4233118971061093,-0.2387562572198691
16.625,7691,6610,0.2845659163987138,0.37350789372352716,0.4345659163987138,-0.27649210627647286
16.651,7691,6610,0.2845659163987138,0.37350789372352716,0.4345659163987138,-0.27649210627647286
16.677,7621,6659,0.2620578778135048,0.39237581825182904,0.4120578778135048,-0.257624181748171
16.703,7534,6610,0.23408360128617364,0.37350789372352716,0.38408360128617364,-0.27649210627647286
16.729,7517,6545,0.22861736334405144,0.3542549095109742,0.37861736334405144,-0.2957450904890258
16.755,7534,6529,0.23408360128617364,0.3480939545629573,0.38408360128617364,-0.30190604543704275
16.781,7552,6496,0.23987138263665594,0.33538698498267233,0.38987138263665594,-0.3146130150173277
16.807,7569,6512,0.24533762057877814,0.34154793993068927,0.39533762057877814,-0.30845206006931075
16.833,7569,6529,0.24533762057877814,0.3480939545629573,0.39533762057877814,-0.30190604543704275
16.859,7500,6529,0.22315112540192927,0.3480939545629573,0.3731511254019293,-0.30190604543704275
16.885,7379,6577,0.1842443729903537,0.3665768194070081,0.3342443729903537,-0.28342318059299193
16.911,7327,6529,0.167524115755627,0.3480939545629573,0.317524115755627,-0.30190604543704275
16.937,7396,6512,0.18971061093247588,0.34732383519445514,0.3397106109324759,-0.3026761648055449
16.963,7379,6496,0.1842443729903537,0.3411628802464382,0.3342443729903537,-0.3088371197535618
16.989,7310,6464,0.16205787781350484,0.3288409703504043,0.3120578778135048,-0.3211590296495957
17.015,7344,6529,0.1729903536977492,0.35386984982672315,0.3229903536977492,-0.2961301501732769
17.041,7310,6496,0.16205787781350484,0.3411628802464382,0.3120578778135048,-0.3088371197535618
17.067,7362,6448,0.1787781350482315,0.3226800154023874,0.3287781350482315,-0.32731998459761263
17.093,7413,6416,0.19517684887459807,0.3103581055063535,0.3451768488745981,-0.3396418944936465
17.119,7379,6368,0.1842443729903537,0.29187524066230264,0.3342443729903537,-0.3581247593376974
17.145,7413,6368,0.19517684887459807,0.29765113592606857,0.3451768488745981,-0.35234886407393146
17.171,7293,6320,0.15659163987138264,0.2791682710820177,0.3065916398713826,-0.37083172891798233
17.197,7259,6273,0.14565916398713827,0.26107046592221794,0.29565916398713826,-0.3889295340777821
17.223,7259,6225,0.14565916398713827,0.24258760107816713,0.29565916398713826,-0.4074123989218329
17.249,7276,6225,0.15112540192926044,0.24258760107816713,0.3011254019292604,-0.4074123989218329
17.275,7327,6352,0.167524115755627,0.29149018097805157,0.317524115755627,-0.35850981902194845
17.301,7327,6352,0.167524115755627,0.29149018097805157,0.317524115755627,-0.35850981902194845
17.327,7327,6432,0.167524115755627,0.3222949557181363,0.317524115755627,-0.3277050442818637
17.353,7242,6320,0.14019292604501607,0.2791682710820177,0.29019292604501606,-0.37083172891798233
17.379,7174,6209,0.11832797427652733,0.2364266461301502,0.2683279742765273,-0.41357335386984984
17.405,7140,6162,0.10739549839228296,0.2183288409703504,0.25739549839228293,-0.4316711590296496
17.431,7157,6162,0.11286173633440515,0.2183288409703504,0.2628617363344051,-0.4316711590296496
17.457,7174,6178,0.11832797427652733,0.22448979591836735,0.2683279742765273,-0.42551020408163265
17.483,7344,6162,0.1729903536977492,0.2183288409703504,0.3229903536977492,-0.4316711590296496
17.509,7157,6131,0.11286173633440515,0.20639199075856757,0.2628617363344051,-0.44360800924143245
17.535,7090,6115,0.09131832797427653,0.20023103581055063,0.24131832797427652,-0.4497689641894494
17.561,7090,6147,0.09131832797427653,0.21255294570658453,0.24131832797427652,-0.43744705429341546
17.587,7242,6006,0.14019292604501607,0.15825953022718522,0.29019292604501606,-0.4917404697728148
17.613,7039,6115,0.07491961414790997,0.20023103581055063,0.22491961414790995,-0.4497689641894494
17.639,6972,6068,0.05337620578778135,0.18213323065075088,0.20337620578778134,-0.46786676934924915
17.665,7191,6068,0.12379421221864952,0.18213323065075088,0.2737942122186495,-0.46786676934924915
17.691,7090,6053,0.09131832797427653,0.17635733538698498,0.24131832797427652,-0.4736426646130151
17.717,7022,6162,0.06945337620578779,0.2183288409703504,0.21945337620578778,-0.4316711590296496
17.743,7006,5991,0.06430868167202572,0.15248363496341932,0.2143086816720257,-0.4975163650365807
17.769,6889,6053,0.026688102893890675,0.17635733538698498,0.17668810289389067,-0.4736426646130151
17.795,7106,5898,0.09646302250803858,0.11667308432807084,0.2464630225080386,-0.5333269156719291
17.821,7073,5929,0.08585209003215434,0.12860993453985367,0.23585209003215435,-0.5213900654601463
17.847,7090,5837,0.09131832797427653,0.09318444358875626,0.24131832797427652,-0.5568155564112438
17.873,7006,5975,0.06430868167202572,0.14632268001540238,0.2143086816720257,-0.5036773199845976
17.899,6972,5944,0.05337620578778135,0.13438582980361957,0.20337620578778134,-0.5156141701963805
17.925,6972,6068,0.05337620578778135,0.18213323065075088,0.20337620578778134,-0.46786676934924915
17.951,7073,5822,0.08585209003215434,0.08740854832499037,0.23585209003215435,-0.5625914516750097
17.977,6956,5898,0.04823151125401929,0.11667308432807084,0.19823151125401928,-0.5333269156719291
18.003,6939,6037,0.042765273311897105,0.17019638043896804,0.1927652733118971,-0.479803619561032
18.029,6972,5944,0.05337620578778135,0.13438582980361957,0.20337620578778134,-0.5156141701963805
18.055,6956,5960,0.04823151125401929,0.1405467847516365,0.19823151125401928,-0.5094532152483635
18.081,6839,5883,0.010610932475884245,0.11089718906430497,0.16061093247588423,-0.539102810935695
18.107,6773,5898,0.0,0.11667308432807084,0.15,-0.5333269156719291
18.133,6989,5730,0.058842443729903535,0.05198305737389295,0.20884244372990352,-0.598016942626107
18.159,6872,5898,0.02122186495176849,0.11667308432807084,0.1712218649517685,-0.5333269156719291
18.185,6956,5868,0.04823151125401929,0.10512129380053908,0.19823151125401928,-0.5448787061994609
18.211,7006,5715,0.06430868167202572,0.04620716211012707,0.2143086816720257,-0.6037928378898729
18.237,6939,5685,0.042765273311897105,0.0346553715825953,0.1927652733118971,-0.6153446284174047
18.263,6708,5746,0.0,0.058144012321909896,0.15,-0.5918559876780901
18.289,7056,5837,0.08038585209003216,0.09318444358875626,0.23038585209003215,-0.5568155564112438
18.315,6956,5730,0.04823151125401929,0.05198305737389295,0.19823151125401928,-0.598016942626107
18.341,7006,5715,0.06430868167202572,0.04620716211012707,0.2143086816720257,-0.6037928378898729
18.367,6757,5806,0.0,0.08124759337697343,0.15,-0.5687524066230266
18.393,6740,5655,0.0,0.023103581055063535,0.15,-0.6268964189449365
18.419,6939,5822,0.042765273311897105,0.08740854832499037,0.1927652733118971,-0.5625914516750097
18.445,6856,5746,0.01607717041800643,0.058144012321909896,0.16607717041800643,-0.5918559876780901
18.471,6790,5625,0.0,0.011551790527531768,0.15,-0.6384482094724683
18.497,6823,5730,0.005466237942122186,0.05198305737389295,0.1554662379421222,-0.598016942626107
18.523,7006,5655,0.06430868167202572,0.023103581055063535,0.2143086816720257,-0.6268964189449365
18.549,6889,5715,0.026688102893890675,0.04620716211012707,0.17668810289389067,-0.6037928378898729
18.575,6839,5655,0.010610932475884245,0.023103581055063535,0.16061093247588423,-0.6268964189449365
18.601,6740,5625,0.0,0.011551790527531768,0.15,-0.6384482094724683
18.627,6740,5837,0.0,0.09318444358875626,0.15,-0.5568155564112438
18.653,6823,5806,0.005466237942122186,0.08124759337697343,0.1554662379421222,-0.5687524066230266
18.679,6956,5715,0.04823151125401929,0.04620716211012707,0.19823151125401928,-0.6037928378898729
18.705,6922,5670,0.03729903536977492,0.02887947631882942,0.1872990353697749,-0.6211205236811707
18.731,6872,5700,0.02122186495176849,0.04043126684636118,0.1712218649517685,-0.6095687331536388
18.757,6906,5730,0.03215434083601286,0.05198305737389295,0.18215434083601284,-0.598016942626107
18.783,6989,5670,0.058842443729903535,0.02887947631882942,0.20884244372990352,-0.6211205236811707
18.809,6839,5670,0.010610932475884245,0.02887947631882942,0.16061093247588423,-0.6211205236811707
18.835,6806,5640,0.0,0.01732768579129765,0.15,-0.6326723142087024
18.861,6806,5580,0.0,0.0,0.15,-0.65
18.887,6922,5550,0.03729903536977492,0.0,0.1872990353697749,-0.65
18.913,6839,5640,0.010610932475884245,0.01732768579129765,0.16061093247588423,-0.6326723142087024
18.939,6872,5730,0.02122186495176849,0.05198305737389295,0.1712218649517685,-0.598016942626107
18.965,6839,5640,0.010610932475884245,0.01732768579129765,0.16061093247588423,-0.6326723142087024
18.991,6839,5610,0.010610932475884245,0.005775895263765884,0.16061093247588423,-0.6442241047362341
19.017,6806,5610,0.0,0.005775895263765884,0.15,-0.6442241047362341
19.043,6856,5655,0.01607717041800643,0.023103581055063535,0.16607717041800643,-0.6268964189449365
19.069,6856,5640,0.01607717041800643,0.01732768579129765,0.16607717041800643,-0.6326723142087024
19.095,6872,5655,0.02122186495176849,0.023103581055063535,0.1712218649517685,-0.6268964189449365
19.121,6872,5715,0.02122186495176849,0.04620716211012707,0.1712218649517685,-0.6037928378898729
19.147,6856,5746,0.01607717041800643,0.058144012321909896,0.16607717041800643,-0.5918559876780901
19.173,6856,5610,0.01607717041800643,0.005775895263765884,0.16607717041800643,-0.6442241047362341
19.199,6757,5625,0.0,0.011551790527531768,0.15,-0.6384482094724683
19.225,6806,5640,0.0,0.01732768579129765,0.15,-0.6326723142087024
19.251,6889,5640,0.026688102893890675,0.01732768579129765,0.17668810289389067,-0.6326723142087024
19.277,6806,5565,0.0,0.0,0.15,-0.65
19.303,6823,5520,0.005466237942122186,0.0,0.1554662379421222,-0.65
19.329,6823,5565,0.005466237942122186,0.0,0.1554662379421222,-0.65
19.355,6757,5610,0.0,0.005775895263765884,0.15,-0.6442241047362341
19.381,6757,5625,0.0,0.011551790527531768,0.15,-0.6384482094724683
19.407,6856,5625,0.01607717041800643,0.011551790527531768,0.16607717041800643,-0.6384482094724683
19.433,6922,5685,0.03729903536977492,0.0346553715825953,0.1872990353697749,-0.6153446284174047
19.459,6872,5625,0.02122186495176849,0.011551790527531768,0.1712218649517685,-0.6384482094724683
19.485,6872,5580,0.02122186495176849,0.0,0.1712218649517685,-0.65
19.511,6839,5655,0.010610932475884245,0.023103581055063535,0.16061093247588423,-0.6268964189449365
19.537,6839,5595,0.010610932475884245,0.0,0.16061093247588423,-0.65
19.563,6889,5565,0.026688102893890675,0.0,0.17668810289389067,-0.65
19.589,6839,5595,0.010610932475884245,0.0,0.16061093247588423,-0.65
19.615,6806,5580,0.0,0.0,0.15,-0.65
19.641,6839,5670,0.010610932475884245,0.02887947631882942,0.16061093247588423,-0.6211205236811707
19.667,6922,5746,0.03729903536977492,0.058144012321909896,0.1872990353697749,-0.5918559876780901
19.693,6922,5715,0.03729903536977492,0.04620716211012707,0.1872990353697749,-0.6037928378898729
19.719,6906,5670,0.03215434083601286,0.02887947631882942,0.18215434083601284,-0.6211205236811707
19.745,6989,5595,0.058842443729903535,0.0,0.20884244372990352,-0.65
19.771,6939,5670,0.042765273311897105,0.02887947631882942,0.1927652733118971,-0.6211205236811707
19.797,6956,5685,0.04823151125401929,0.0346553715825953,0.19823151125401928,-0.6153446284174047
19.823,6906,5715,0.03215434083601286,0.04620716211012707,0.18215434083601284,-0.6037928378898729
19.849,6989,5761,0.058842443729903535,0.06391990758567578,0.20884244372990352,-0.5860800924143242
19.875,6972,5655,0.05337620578778135,0.023103581055063535,0.20337620578778134,-0.6268964189449365
19.901,6989,5715,0.058842443729903535,0.04620716211012707,0.20884244372990352,-0.6037928378898729
19.927,6989,5852,0.058842443729903535,0.09896033885252215,0.20884244372990352,-0.5510396611474779
19.953,6906,5776,0.03215434083601286,0.06969580284944166,0.18215434083601284,-0.5803041971505584
19.979,6922,5625,0.03729903536977492,0.011551790527531768,0.1872990353697749,-0.6384482094724683
20.005,6989,5655,0.058842443729903535,0.023103581055063535,0.20884244372990352,-0.6268964189449365
20.031,7056,5761,0.08038585209003216,0.06391990758567578,0.23038585209003215,-0.5860800924143242
20.057,7174,5746,0.11832797427652733,0.058144012321909896,0.2683279742765273,-0.5918559876780901
20.083,7090,5852,0.09131832797427653,0.09896033885252215,0.24131832797427652,-0.5510396611474779
20.109,7106,5746,0.09646302250803858,0.058144012321909896,0.2464630225080386,-0.5918559876780901
20.135,7039,5700,0.07491961414790997,0.04043126684636118,0.22491961414790995,-0.6095687331536388
20.161,7073,5730,0.08585209003215434,0.05198305737389295,0.23585209003215435,-0.598016942626107
20.187,7073,5700,0.08585209003215434,0.04043126684636118,0.23585209003215435,-0.6095687331536388
20.213,7106,5625,0.09646302250803858,0.011551790527531768,0.2464630225080386,-0.6384482094724683
20.239,7022,5806,0.06945337620578779,0.08124759337697343,0.21945337620578778,-0.5687524066230266
20.265,7140,5822,0.10739549839228296,0.08740854832499037,0.25739549839228293,-0.5625914516750097
20.291,7123,5746,0.10192926045016078,0.058144012321909896,0.2519292604501608,-0.5918559876780901
20.317,7090,5685,0.09646302250803858,0.0346553715825953,0.2464630225080386,-0.6153446284174047
20.343,7123,5715,0.11254019292604502,0.04620716211012707,0.262540192926045,-0.6037928378898729
20.369,7208,5640,0.13987138263665594,0.023103581055063535,0.2898713826366559,-0.6268964189449365
20.395,7140,5776,0.12315112540192925,0.07547169811320754,0.27315112540192926,-0.5745283018867925
20.421,7208,5761,0.145016077170418,0.06969580284944166,0.295016077170418,-0.5803041971505584
20.447,7310,5746,0.17781350482315111,0.06969580284944166,0.3278135048231511,-0.5803041971505584
20.473,7073,5791,0.10160771704180065,0.08702348864073932,0.2516077170418006,-0.5629765113592607
20.499,7157,5822,0.13408360128617364,0.09896033885252215,0.2840836012861736,-0.5510396611474779
20.525,7310,5898,0.1832797427652733,0.1282248748556026,0.3332797427652733,-0.5217751251443974
20.551,7242,5914,0.16141479099678457,0.14016172506738545,0.3114147909967846,-0.5098382749326146
20.577,7276,5791,0.17234726688102894,0.10435117443203697,0.32234726688102894,-0.545648825567963
20.603,7379,5991,0.20546623794212218,0.18675394686176358,0.3554662379421222,-0.4632460531382364
20.629,7225,5929,0.16623794212218648,0.1686561417019638,0.3162379421221865,-0.4813438582980362
20.655,7225,5914,0.16623794212218648,0.17443203696572968,0.3162379421221865,-0.47556796303427035
20.681,7259,6068,0.17717041800643088,0.24489795918367346,0.3271704180064309,-0.40510204081632656
20.707,7362,6037,0.22090032154340836,0.24990373507893723,0.37090032154340835,-0.40009626492106276
20.733,7379,5852,0.2315112540192926,0.19021948402002312,0.3815112540192926,-0.45978051597997693
20.759,7517,5991,0.29163987138263664,0.2437427801309203,0.4416398713826366,-0.4062572198690797
20.785,7242,5975,0.2292604501607717,0.25991528686946475,0.3792604501607717,-0.3900847131305353
20.811,7448,5898,0.2954983922829582,0.24720831728917983,0.4454983922829582,-0.4027916827108202
20.837,7500,6006,0.31768488745980705,0.3053523296110897,0.4676848874598071,-0.3446476703889103
20.863,7569,5944,0.36559485530546626,0.28725452445128996,0.5155948553054662,-0.36274547554871006
20.889,7534,6131,0.36463022508038584,0.35926068540623796,0.5146302250803858,-0.29073931459376207
20.915,7344,5960,0.3086816720257235,0.2988063149788217,0.4586816720257235,-0.3511936850211783
20.941,7396,6037,0.33054662379421224,0.3504043126684636,0.4805466237942122,-0.2995956873315364
20.967,7430,6022,0.3672025723472669,0.36696187909125916,0.5172025723472669,-0.28303812090874086
20.993,7517,6022,0.40514469453376206,0.36696187909125916,0.555144694533762,-0.28303812090874086
21.019,7604,5991,0.4533762057877814,0.35502502887947635,0.6033762057877814,-0.2949749711205237
21.045,7500,5991,0.4553054662379421,0.3823642664613015,0.6053054662379421,-0.2676357335386985
21.071,7552,5944,0.4720257234726688,0.36965729688101656,0.6220257234726688,-0.28034270311898346
21.097,7674,6006,0.5163987138263666,0.39892183288409705,0.6663987138263666,-0.251078167115903
21.123,7726,6084,0.5479099678456592,0.4343473238351945,0.6979099678456592,-0.21565267616480555
21.149,7709,5914,0.547588424437299,0.3796688486715441,0.6975884244372991,-0.2703311513284559
21.175,7691,5883,0.5565916398713826,0.3946861763573354,0.7065916398713826,-0.25531382364266464
21.201,7797,5852,0.5906752411575563,0.3881401617250674,0.7406752411575563,-0.26185983827493264
21.227,7868,5852,0.6186495176848874,0.3881401617250674,0.7686495176848874,-0.26185983827493264
21.253,7992,5898,0.6633440514469453,0.4112437427801309,0.8133440514469453,-0.2387562572198691
21.279,8046,6022,0.6807073954983923,0.46977281478629185,0.8307073954983923,-0.18022718521370817
21.305,8118,5944,0.7086816720257235,0.4397381594147093,0.8586816720257235,-0.21026184058529074
21.331,8136,5991,0.7196141479099678,0.47362341162880245,0.8696141479099678,-0.17637658837119757
21.357,8263,5960,0.7652733118971061,0.4724682325760493,0.9152733118971061,-0.17753176742395071
21.383,8538,6006,0.8536977491961415,0.5267616480554486,1.0036977491961414,-0.12323835194455146
21.409,8556,6115,0.8790996784565916,0.5741239892183289,1.0290996784565916,-0.07587601078167117
21.435,8593,6037,0.9057877813504823,0.5544859453215248,1.0557877813504823,-0.09551405467847518
21.461,8593,6022,0.9106109324758842,0.5541008856372738,1.0606109324758841,-0.09589911436272625
21.487,8668,6053,0.9495176848874598,0.5660377358490566,1.0995176848874597,-0.08396226415094343
21.513,8742,5975,0.9781350482315112,0.5567963034270312,1.1281350482315111,-0.09320369657296879
21.539,8686,5975,0.964951768488746,0.561802079322295,1.114951768488746,-0.08819792067770504
21.565,8780,6037,1.0,0.5910666153253754,1.15,-0.05893338467462461
21.591,8705,6131,0.9807073954983923,0.6322680015402388,1.1307073954983922,-0.017731998459761256
21.617,8593,6131,0.9591639871382637,0.6372737774355025,1.1091639871382637,-0.012726222564497514
21.643,8464,6053,0.9273311897106109,0.6176357335386985,1.0773311897106108,-0.03236426646130153
21.669,8409,6053,0.952733118971061,0.6226415094339622,1.102733118971061,-0.027358490566037785
21.695,8317,6100,0.9231511254019292,0.6461301501732769,1.0731511254019293,-0.003869849826723115
21.721,8154,6037,0.9035369774919614,0.6218713900654601,1.0535369774919614,-0.028128609934539917
21.747,8028,6131,0.8819935691318328,0.6580670003850597,1.0319935691318327,0.008067000385059697
21.773,7992,6209,0.8704180064308682,0.6881016557566423,1.020418006430868,0.03810165575664226
21.799,7974,6068,0.8832797427652733,0.6338082402772429,1.0332797427652733,-0.016191759722757104
21.825,7797,5991,0.8356913183279743,0.6041586445899114,0.9856913183279743,-0.0458413554100886
21.851,7779,6053,0.8665594855305466,0.628032345013477,1.0165594855305466,-0.021967654986522978
21.877,7797,6100,0.8861736334405145,0.6461301501732769,1.0361736334405145,-0.003869849826723115
21.903,7868,6068,0.9180064308681672,0.6338082402772429,1.0680064308681672,-0.016191759722757104
21.929,7868,6037,0.9180064308681672,0.626877165960724,1.0680064308681672,-0.023122834039276063
21.955,7726,6068,0.8771704180064309,0.6438197920677705,1.027170418006431,-0.006180207932229509
21.981,7709,6084,0.8762057877813505,0.6499807470157875,1.0262057877813504,-1.9252984212569935e-05
22.007,7709,6084,0.8762057877813505,0.6499807470157875,1.0262057877813504,-1.9252984212569935e-05
22.033,7691,6068,0.87491961414791,0.6492106276472853,1.02491961414791,-0.0007893723527147012
22.059,7656,6100,0.8861736334405145,0.6615325375433192,1.0361736334405145,0.011532537543319177
22.085,7586,6068,0.8681672025723473,0.6642279553330767,1.0181672025723472,0.014227955333076636
22.111,7621,6037,0.8839228295819935,0.6572968810165576,1.0339228295819936,0.007296881016557566
22.137,7726,6084,0.917684887459807,0.6807855217558721,1.067684887459807,0.030785521755872125
22.163,7691,6068,0.9154340836012862,0.699653446284174,1.065434083601286,0.04965344628417401
22.189,7534,6037,0.8871382636655949,0.692722371967655,1.0371382636655948,0.04272237196765494
22.215,7552,6068,0.897427652733119,0.7447054293415479,1.047427652733119,0.09470542934154791
22.241,7569,6131,0.9118971061093247,0.7785906815556412,1.0618971061093248,0.12859068155564113
22.267,7621,5975,0.9372990353697749,0.7235271467077397,1.087299035369775,0.07352714670773963
22.293,7674,5914,0.9588424437299036,0.7050442818636888,1.1088424437299036,0.055044281863688815
22.319,7569,6006,0.9250803858520901,0.7454755487100501,1.07508038585209,0.09547554871005004
22.345,7465,6068,0.8958199356913183,0.7789757412398922,1.0458199356913183,0.1289757412398922
22.371,7413,5960,0.8967845659163988,0.7423950712360415,1.0467845659163988,0.09239507123604151
22.397,7379,5883,0.8903536977491961,0.7173661917597227,1.040353697749196,0.0673661917597227
22.423,7327,5852,0.8823151125401929,0.7154408933384675,1.0323151125401928,0.06544089333846748
22.449,7344,5837,0.9006430868167202,0.719291490180978,1.0506430868167203,0.06929149018097802
22.475,7259,5914,0.8778135048231511,0.7539468617635734,1.0278135048231511,0.10394686176357337
22.501,7379,5806,0.9205787781350482,0.7266076241817482,1.0705787781350482,0.07660762418174816
22.527,7327,5806,0.9038585209003216,0.7412398921832885,1.0538585209003215,0.09123989218328843
22.553,7276,5791,0.8919614147909968,0.7400847131305353,1.0419614147909968,0.09008471313053523
22.579,7225,5822,0.8797427652733119,0.7570273392375818,1.0297427652733118,0.10702733923758179
22.605,7293,5670,0.9102893890675241,0.7031189834424336,1.060289389067524,0.0531189834424336
22.631,7259,5685,0.9035369774919614,0.7185213708124759,1.0535369774919614,0.06852137081247589
22.657,7208,5746,0.8913183279742766,0.7420100115517906,1.0413183279742766,0.09201001155179056
22.683,7022,5761,0.8360128617363344,0.7477859068155565,0.9860128617363344,0.09778590681555643
22.709,7090,5655,0.8620578778135048,0.7162110127069696,1.0120578778135048,0.06621101270696961
22.735,7073,5730,0.8652733118971061,0.7500962649210627,1.015273311897106,0.10009626492106272
22.761,7056,5640,0.8681672025723473,0.7246823257604929,1.0181672025723472,0.07468232576049283
22.787,7056,5625,0.8723472668810289,0.7239122063919907,1.022347266881029,0.0739122063919907
22.813,6972,5625,0.8495176848874598,0.7239122063919907,0.9995176848874598,0.0739122063919907
22.839,6956,5610,0.8443729903536977,0.731998459761263,0.9943729903536977,0.08199845976126297
22.865,6889,5595,0.8228295819935691,0.7308432807085098,0.9728295819935692,0.08084328070850977
22.891,6856,5506,0.8209003215434083,0.7015787447054294,0.9709003215434083,0.051578744705429336
22.917,6740,5432,0.7836012861736334,0.673084328070851,0.9336012861736335,0.023084328070850924
22.943,6773,5610,0.7983922829581993,0.7416249518675395,0.9483922829581993,0.0916249518675395
22.969,6708,5565,0.777491961414791,0.7289179822872546,0.9274919614147911,0.07891798228725455
22.995,6675,5388,0.7710610932475884,0.6607624181748171,0.9210610932475884,0.010762418174817046
23.021,6659,5461,0.7909967845659164,0.6888717751251444,0.9409967845659164,0.03887177512514439
23.047,6708,5491,0.8067524115755627,0.7050442818636888,0.9567524115755627,0.055044281863688815
23.073,6740,5358,0.8170418006430868,0.653831343858298,0.9670418006430869,0.0038313438582979753
23.099,6529,5256,0.757556270096463,0.6191759722757028,0.907556270096463,-0.030824027724297265
23.125,6610,5300,0.7877813504823151,0.6361185983827493,0.9377813504823151,-0.01388140161725071
23.151,6529,5358,0.770096463022508,0.6676934924913361,0.920096463022508,0.017693492491336116
23.177,6384,5184,0.727331189710611,0.6006931074316519,0.877331189710611,-0.04930689256834808
23.203,6512,5213,0.7684887459807074,0.6118598382749326,0.9184887459807074,-0.0381401617250674
23.229,6432,5127,0.7511254019292605,0.587986137851367,0.9011254019292605,-0.062013862148633025
23.255,6400,5069,0.7408360128617363,0.5656526761648055,0.8908360128617363,-0.0843473238351945
23.281,6288,5069,0.7131832797427653,0.5656526761648055,0.8631832797427653,-0.0843473238351945
23.307,6368,5198,0.7427652733118971,0.6199460916442049,0.8927652733118971,-0.030053908355795134
23.333,6257,5198,0.7070739549839228,0.6199460916442049,0.8570739549839228,-0.030053908355795134
23.359,6194,4802,0.6868167202572347,0.47208317289179824,0.8368167202572347,-0.17791682710820178
23.385,6084,4984,0.6514469453376206,0.542164035425491,0.8014469453376206,-0.10783596457450906
23.411,5944,5069,0.6064308681672026,0.574894108586831,0.7564308681672026,-0.07510589141316903
23.437,6068,4998,0.6504823151125402,0.5521755872160184,0.8004823151125402,-0.09782441278398157
23.463,6006,4928,0.6305466237942122,0.5252214093184444,0.7805466237942122,-0.12477859068155561
23.489,6084,4956,0.659807073954984,0.536003080477474,0.809807073954984,-0.113996919522526
23.515,5914,4830,0.6090032154340836,0.49210627647285327,0.7590032154340837,-0.15789372352714676
23.541,5960,4844,0.6279742765273312,0.49749711205236813,0.7779742765273312,-0.1525028879476319
23.567,6022,4970,0.6520900321543408,0.5506353484790143,0.8020900321543408,-0.09936465152098573
23.593,5898,4858,0.6122186495176849,0.5075086638428956,0.7622186495176849,-0.1424913361571044
23.619,5960,4802,0.6321543408360129,0.4859453215248363,0.7821543408360129,-0.1640546784751637
23.645,5883,4844,0.6154340836012862,0.5067385444743935,0.7654340836012862,-0.14326145552560654
23.671,5883,4761,0.6234726688102894,0.47477859068155565,0.7734726688102894,-0.17522140931844438
23.697,5929,4638,0.6382636655948553,0.4274162495186754,0.7882636655948553,-0.22258375048132462
23.723,5761,4733,0.592282958199357,0.463996919522526,0.742282958199357,-0.18600308047747405
23.749,5929,4502,0.6504823151125402,0.3839045051983057,0.8004823151125402,-0.2660954948016943
23.775,5776,4583,0.6012861736334405,0.42433577204466694,0.7512861736334405,-0.22566422795533309
23.801,5822,4597,0.6199356913183279,0.43896804004620715,0.769935691318328,-0.21103195995379287
23.827,5700,4583,0.5848874598070739,0.43357720446669235,0.7348874598070739,-0.21642279553330768
23.853,5715,4624,0.5897106109324759,0.44936465152098576,0.7397106109324759,-0.20063534847901426
23.879,5685,4516,0.5839228295819936,0.4077782056218714,0.7339228295819936,-0.24222179437812863
23.905,5670,4529,0.5871382636655949,0.4170196380438968,0.7371382636655949,-0.23298036195610322
23.931,5655,4476,0.582315112540193,0.39661147477859066,0.732315112540193,-0.25338852522140937
23.957,5580,4449,0.5581993569131832,0.3862148633038121,0.7081993569131833,-0.2637851366961879
23.983,5610,4409,0.5678456591639871,0.37081247593376976,0.7178456591639871,-0.27918752406623026
24.009,5446,4489,0.5189710610932476,0.40161725067385445,0.6689710610932477,-0.24838274932614557
24.035,5446,4436,0.5189710610932476,0.3812090874085483,0.6689710610932477,-0.2687909125914517
24.061,5344,4422,0.48617363344051445,0.3758182518290335,0.6361736334405145,-0.2741817481709665
24.087,5285,4396,0.47138263665594854,0.36580670003850596,0.6213826366559485,-0.28419329996149406
24.113,5198,4382,0.44340836012861734,0.36041586445899115,0.5934083601286173,-0.28958413554100887
24.139,5285,4343,0.47138263665594854,0.34539853677319987,0.6213826366559485,-0.30460146322680015
24.165,5227,4382,0.4527331189710611,0.36041586445899115,0.6027331189710611,-0.28958413554100887
24.191,5084,4396,0.41061093247588426,0.36580670003850596,0.5606109324758842,-0.28419329996149406
24.217,5041,4396,0.4006430868167203,0.36580670003850596,0.5506430868167203,-0.28419329996149406
24.243,5013,4330,0.39581993569131835,0.3403927608779361,0.5458199356913184,-0.30960723912206395
24.269,4970,4251,0.3819935691318328,0.30997304582210244,0.5319935691318328,-0.3400269541778976
24.295,4900,4316,0.3633440514469453,0.33962264150943394,0.5133440514469453,-0.3103773584905661
24.321,5013,4462,0.39967845659163986,0.40046207162110126,0.5496784565916398,-0.24953792837889877
24.347,4984,4610,0.39035369774919615,0.46630727762803237,0.5403536977491962,-0.18369272237196765
24.373,4998,4775,0.3948553054662379,0.5298421255294571,0.544855305466238,-0.12015787447054294
24.399,4984,4914,0.39421221864951767,0.5922217943781286,0.5442122186495176,-0.057778205621871415
24.425,4886,4844,0.36688102893890673,0.5652676164805545,0.5168810289389068,-0.08473238351944556
24.451,4872,4706,0.3662379421221865,0.5121293800539084,0.5162379421221865,-0.13787061994609162
24.477,4844,4583,0.3610932475884244,0.4647670388910281,0.5110932475884244,-0.18523296110897192
24.503,4872,4476,0.37009646302250804,0.4458991143627262,0.520096463022508,-0.2041008856372738
24.529,4775,4238,0.35466237942122186,0.3677319984597613,0.5046623794212218,-0.28226800154023873
24.555,4761,4109,0.3540192926045016,0.31805929919137466,0.5040192926045016,-0.33194070080862537
24.581,4733,4134,0.345016077170418,0.32768579129765113,0.49501607717041796,-0.3223142087023489
24.607,4679,4070,0.33536977491961417,0.3161340007701194,0.4853697749196142,-0.33386599922988064
24.633,4692,4032,0.35112540192926045,0.3015017327685791,0.5011254019292605,-0.3484982672314209
24.659,4692,4083,0.35498392282958197,0.3253754331921448,0.5049839228295819,-0.32462456680785523
24.685,4706,4096,0.3594855305466238,0.33500192529842127,0.5094855305466238,-0.31499807470157876
24.711,4610,4045,0.33633440514469454,0.31536388140161725,0.4863344051446945,-0.33463611859838277
24.737,4583,4020,0.3276527331189711,0.30997304582210244,0.47765273311897105,-0.3400269541778976
24.763,4624,3994,0.3408360128617363,0.2999614940315749,0.4908360128617363,-0.3500385059684251
24.789,4516,3956,0.30610932475884245,0.2895648825567963,0.45610932475884247,-0.3604351174432037
24.815,4449,3969,0.2845659163987138,0.2991913746630728,0.4345659163987138,-0.35080862533692725
24.841,4502,3919,0.3016077170418006,0.2799383904505198,0.4516077170418006,-0.3700616095494802
24.867,4516,3869,0.30996784565916397,0.26492106276472854,0.45996784565916393,-0.3850789372352715
24.893,4529,3856,0.3180064308681672,0.25991528686946475,0.4680064308681672,-0.3900847131305353
24.919,4543,3881,0.32636655948553056,0.2695417789757412,0.4763665594855305,-0.3804582210242588
24.945,4489,3819,0.3090032154340836,0.2456680785521756,0.4590032154340836,-0.4043319214478244
24.971,4436,3745,0.2919614147909968,0.21717366191759724,0.4419614147909968,-0.4328263380824028
24.997,4409,3782,0.2832797427652733,0.24027724297266076,0.43327974276527326,-0.4097227570273393
25.023,4462,3758,0.30032154340836015,0.23103581055063535,0.45032154340836017,-0.41896418944936464
25.049,4356,3795,0.27009646302250806,0.24951867539468617,0.420096463022508,-0.4004813246053138
25.075,4303,3819,0.2565916398713826,0.2587601078167116,0.4065916398713826,-0.3912398921832884
25.101,4290,3844,0.25241157556270094,0.2726222564497497,0.4024115755627009,-0.37737774355025033
25.127,4343,3819,0.2694533762057878,0.2629957643434732,0.4194533762057878,-0.3870042356565268
25.153,4422,3745,0.29485530546623795,0.23873700423565652,0.44485530546623797,-0.4112629957643435
25.179,4382,3684,0.2819935691318328,0.21524836349634194,0.43199356913183284,-0.4347516365036581
25.205,4330,3684,0.2652733118971061,0.21524836349634194,0.41527331189710615,-0.4347516365036581
25.231,4303,3672,0.2604501607717042,0.21062764728532923,0.41045016077170415,-0.4393723527146708
25.257,4277,3697,0.25209003215434084,0.22448979591836735,0.4020900321543408,-0.42551020408163265
25.283,4330,3709,0.26913183279742764,0.22911051212938005,0.4191318327974276,-0.42088948787061997
25.309,4199,3672,0.23086816720257236,0.21486330381209087,0.3808681672025723,-0.4351366961879092
25.335,4290,3684,0.2639871382636656,0.21948402002310358,0.4139871382636656,-0.43051597997689645
25.361,4330,3624,0.2807073954983923,0.19638043896804006,0.4307073954983923,-0.45361956103196
25.387,4199,3648,0.23858520900321542,0.21024258760107817,0.3885852090032154,-0.43975741239892185
25.413,4122,3624,0.21382636655948553,0.20947246823257604,0.3638263665594855,-0.440527531767424
25.439,4122,3576,0.21382636655948553,0.19522525991528686,0.3638263665594855,-0.4547747400847132
25.465,4134,3660,0.21768488745980707,0.23180592991913745,0.3676848874598071,-0.41819407008086257
25.491,4160,3600,0.22958199356913184,0.20870234886407393,0.3795819935691318,-0.4412976511359261
25.517,4096,3564,0.21286173633440514,0.19484020023103582,0.3628617363344051,-0.4551597997689642
25.543,4173,3600,0.2414790996784566,0.20870234886407393,0.3914790996784566,-0.4412976511359261
25.569,4199,3672,0.24983922829581995,0.2364266461301502,0.39983922829581997,-0.41357335386984984
25.595,4045,3648,0.20032154340836014,0.22718521370812475,0.35032154340836014,-0.4228147862918753
25.621,4032,3564,0.19614147909967847,0.19484020023103582,0.34614147909967846,-0.4551597997689642
25.647,4058,3624,0.2080385852090032,0.21794378128609934,0.3580385852090032,-0.43205621871390065
25.673,4020,3660,0.19967845659163988,0.23604158644589912,0.3496784565916399,-0.4139584135541009
25.699,4058,3600,0.21929260450160773,0.21293800539083557,0.3692926045016077,-0.43706199460916445
25.725,4096,3540,0.2315112540192926,0.18983442433577205,0.3815112540192926,-0.460165575664228
25.751,4045,3552,0.21511254019292605,0.19445514054678475,0.36511254019292605,-0.45554485945321527
25.777,3969,3552,0.19067524115755627,0.19445514054678475,0.34067524115755626,-0.45554485945321527
25.803,4070,3588,0.23086816720257236,0.20831728917982287,0.3808681672025723,-0.4416827108201772
25.829,4058,3588,0.22700964630225082,0.20831728917982287,0.3770096463022508,-0.4416827108201772
25.855,3994,3528,0.20643086816720257,0.18521370812475935,0.3564308681672026,-0.4647862918752407
25.881,3994,3528,0.20643086816720257,0.18521370812475935,0.3564308681672026,-0.4647862918752407
25.907,3881,3446,0.17363344051446947,0.15787447054293416,0.32363344051446946,-0.4921255294570659
25.933,4070,3576,0.23440514469453377,0.2079322294955718,0.3844051446945338,-0.44206777050442825
25.959,4070,3528,0.23440514469453377,0.18944936465152099,0.3844051446945338,-0.46055063534847906
25.985,3944,3564,0.19389067524115755,0.2033115132845591,0.3438906752411576,-0.4466884867154409
26.011,3906,3588,0.18167202572347266,0.21255294570658453,0.33167202572347265,-0.43744705429341546
26.037,3906,3540,0.18167202572347266,0.19830573738929533,0.33167202572347265,-0.45169426261070467
26.063,3881,3505,0.17749196141479098,0.18906430496726992,0.327491961414791,-0.46093569503273013
26.089,4007,3540,0.22154340836012862,0.20677705044281863,0.3715434083601286,-0.4432229495571814
26.115,3944,3446,0.2012861736334405,0.1705814401232191,0.3512861736334405,-0.47941855987678095
26.141,3819,3457,0.16109324758842444,0.17481709664998074,0.31109324758842444,-0.4751829033500193
26.167,3832,3446,0.16527331189710612,0.17481709664998074,0.3152733118971061,-0.4751829033500193
26.193,4020,3528,0.22958199356913184,0.21486330381209087,0.3795819935691318,-0.4351366961879092
26.219,3919,3457,0.19710610932475883,0.18752406623026568,0.3471061093247588,-0.46247593376973434
26.245,3869,3481,0.18102893890675242,0.1967654986522911,0.33102893890675245,-0.45323450134770893
26.271,3819,3446,0.1684887459807074,0.18752406623026568,0.3184887459807074,-0.46247593376973434
26.297,3795,3446,0.1607717041800643,0.19175972275702735,0.3107717041800643,-0.45824027724297267
26.323,3844,3376,0.17652733118971062,0.16480554485945323,0.3265273311897106,-0.4851944551405468
26.349,3770,3399,0.1527331189710611,0.17366191759722757,0.3027331189710611,-0.4763380824027724
26.375,3894,3446,0.1964630225080386,0.19561031959953792,0.3464630225080386,-0.4543896804004621
26.401,3844,3434,0.18392282958199357,0.19098960338852522,0.3339228295819936,-0.4590103966114748
26.427,3819,3376,0.1797427652733119,0.1686561417019638,0.3297427652733119,-0.4813438582980362
26.453,3782,3481,0.16784565916398714,0.21332306507508664,0.3178456591639871,-0.4366769349249134
26.479,3770,3469,0.17106109324758842,0.20870234886407393,0.3210610932475884,-0.4412976511359261
26.505,3844,3376,0.2057877813504823,0.1771274547554871,0.3557877813504823,-0.47287254524451294
26.531,3869,3446,0.21768488745980707,0.20831728917982287,0.3676848874598071,-0.4416827108201772
26.557,3807,3493,0.1977491961414791,0.22641509433962265,0.3477491961414791,-0.4235849056603774
26.583,3758,3528,0.18906752411575561,0.24412783981517136,0.3390675241157556,-0.40587216018482863
26.609,3819,3684,0.212540192926045,0.3080477474008471,0.362540192926045,-0.3419522525991529
26.635,3832,3795,0.21672025723472668,0.35502502887947635,0.3667202572347267,-0.2949749711205237
26.661,3844,3697,0.22057877813504823,0.3172891798228725,0.37057877813504825,-0.3327108201771275
26.687,3745,3600,0.1887459807073955,0.2841740469772815,0.3387459807073955,-0.36582595302271853
26.713,3770,3624,0.20032154340836014,0.2934154793993069,0.35032154340836014,-0.3565845206006931
26.739,3733,3493,0.18842443729903538,0.24682325760492876,0.3384244372990354,-0.4031767423950713
26.765,3721,3422,0.18456591639871384,0.21948402002310358,0.3345659163987138,-0.43051597997689645
26.791,3770,3399,0.20032154340836014,0.21062764728532923,0.35032154340836014,-0.4393723527146708
26.817,3782,3376,0.20418006430868169,0.20177127454755486,0.35418006430868165,-0.4482287254524452
26.843,3660,3318,0.164951768488746,0.18790912591451675,0.31495176848874595,-0.46209087408548327
26.869,3672,3283,0.16881028938906753,0.17443203696572968,0.3188102893890675,-0.47556796303427035
26.895,3636,3249,0.1572347266881029,0.1613400077011937,0.3072347266881029,-0.4886599922988063
26.921,3721,3181,0.18810289389067525,0.13515594917212168,0.33810289389067527,-0.5148440508278783
26.947,3660,3136,0.17556270096463023,0.11782826338082403,0.32556270096463025,-0.532171736619176
26.973,3564,3125,0.14469453376205788,0.11359260685406238,0.2946945337620579,-0.5364073931459377
26.999,3588,3204,0.15241157556270096,0.14786291875240662,0.30241157556270093,-0.5021370812475934
27.025,3564,3283,0.14469453376205788,0.17828263380824028,0.2946945337620579,-0.47171736619175975
27.051,3588,3283,0.1562700964630225,0.17828263380824028,0.3062700964630225,-0.47171736619175975
27.077,3600,3249,0.16366559485530546,0.17366191759722757,0.31366559485530543,-0.4763380824027724
27.103,3564,3226,0.15209003215434083,0.16480554485945323,0.3020900321543408,-0.4851944551405468
27.129,3552,3192,0.1482315112540193,0.15171351559491722,0.29823151125401925,-0.49828648440508283
27.155,3505,3181,0.13665594855305466,0.15132845591066615,0.28665594855305465,-0.4986715440893339
27.181,3540,3192,0.14790996784565916,0.1555641124374278,0.29790996784565915,-0.49443588756257223
27.207,3564,3238,0.15562700964630224,0.1732768579129765,0.30562700964630224,-0.4767231420870235
27.233,3528,3226,0.1440514469453376,0.1686561417019638,0.2940514469453376,-0.4813438582980362
27.259,3564,3181,0.15562700964630224,0.1555641124374278,0.30562700964630224,-0.49443588756257223
27.285,3564,3215,0.15562700964630224,0.1686561417019638,0.30562700964630224,-0.4813438582980362
27.311,3493,3215,0.1327974276527331,0.1686561417019638,0.2827974276527331,-0.4813438582980362
27.337,3528,3125,0.1440514469453376,0.13785136696187908,0.2940514469453376,-0.512148633038121
27.363,3516,3102,0.14372990353697748,0.13323065075086638,0.2937299035369775,-0.5167693492491336
27.389,3411,3158,0.10996784565916398,0.1547939930689257,0.259967845659164,-0.4952060069310743
27.415,3422,3181,0.11350482315112541,0.16365036580670003,0.2635048231511254,-0.4863496341933
27.441,3505,3181,0.14019292604501607,0.16365036580670003,0.29019292604501606,-0.4863496341933
27.467,3528,3158,0.14758842443729903,0.1547939930689257,0.29758842443729905,-0.4952060069310743
27.493,3457,3136,0.1282958199356913,0.14632268001540238,0.2782958199356913,-0.5036773199845976
27.519,3434,3058,0.12090032154340837,0.11628802464381979,0.2709003215434084,-0.5337119753561802
27.545,3469,3025,0.13215434083601285,0.10358105506353485,0.2821543408360129,-0.5464189449364651
27.571,3505,3114,0.14372990353697748,0.13785136696187908,0.2937299035369775,-0.512148633038121
27.597,3600,3125,0.1742765273311897,0.14208702348864075,0.3242765273311897,-0.5079129765113592
27.623,3552,3114,0.15884244372990353,0.13785136696187908,0.30884244372990355,-0.512148633038121
27.649,3457,3147,0.1282958199356913,0.15055833654216402,0.2782958199356913,-0.499441663457836
27.675,3493,3158,0.13987138263665594,0.1547939930689257,0.2898713826366559,-0.4952060069310743
27.701,3516,3114,0.1472668810289389,0.13785136696187908,0.2972668810289389,-0.512148633038121
27.727,3493,3058,0.13987138263665594,0.11628802464381979,0.2898713826366559,-0.5337119753561802
27.753,3552,3036,0.15884244372990353,0.11166730843280709,0.30884244372990355,-0.5383326915671929
27.779,3505,3114,0.14372990353697748,0.14170196380438968,0.2937299035369775,-0.5082980361956103
27.805,3457,3147,0.1282958199356913,0.15440893338467462,0.2782958199356913,-0.49559106661532537
27.831,3481,3069,0.1360128617363344,0.13246053138236427,0.2860128617363344,-0.5175394686176358
27.857,3352,3014,0.09453376205787781,0.11551790527531768,0.2445337620578778,-0.5344820947246823
27.883,3306,3047,0.0797427652733119,0.1320754716981132,0.2297427652733119,-0.5179245283018868
27.909,3352,3136,0.09453376205787781,0.16634578359645746,0.2445337620578778,-0.48365421640354256
27.935,3446,3036,0.12475884244372991,0.12783981517135157,0.2747588424437299,-0.5221601848286485
27.961,3457,3058,0.13183279742765272,0.13631112822487484,0.2818327974276527,-0.5136888717751251
27.987,3457,3080,0.13183279742765272,0.14478244127839815,0.2818327974276527,-0.5052175587216019
28.013,3422,3036,0.12057877813504823,0.13169041201386214,0.2705787781350482,-0.5183095879861379
28.039,3422,3003,0.12057877813504823,0.11898344243357721,0.2705787781350482,-0.5310165575664229
28.065,3399,3058,0.11672025723472669,0.14439738159414708,0.2667202572347267,-0.505602618405853
28.091,3376,2992,0.10932475884244373,0.13092029264536004,0.2593247588424437,-0.51907970735464
28.117,3341,3058,0.09807073954983923,0.1601848286484405,0.24807073954983921,-0.4898151713515595
28.143,3272,3003,0.07942122186495176,0.14285714285714285,0.22942122186495176,-0.5071428571428571
28.169,3352,3036,0.10868167202572347,0.16365036580670003,0.25868167202572345,-0.4863496341933
28.195,3376,3080,0.11639871382636656,0.18829418559876782,0.26639871382636654,-0.4617058144012322
28.221,3422,3136,0.1311897106109325,0.2098575279168271,0.28118971061093245,-0.4401424720831729
28.247,3306,3069,0.1045016077170418,0.18405852907200615,0.2545016077170418,-0.4659414709279939
28.273,3306,3036,0.10803858520900321,0.1713515594917212,0.2580385852090032,-0.4786484405082788
28.299,3341,3080,0.11929260450160771,0.1921447824412784,0.2692926045016077,-0.4578552175587216
28.325,3422,3192,0.15241157556270096,0.23950712360415866,0.30241157556270093,-0.41049287639584137
28.351,3422,3283,0.15241157556270096,0.2783981517135156,0.30241157556270093,-0.3716018482864844
28.377,3283,3295,0.11093247588424437,0.2830188679245283,0.2609324758842444,-0.3669811320754717
28.403,3341,3170,0.12958199356913183,0.23488640739314592,0.2795819935691318,-0.4151135926068541
28.429,3318,3069,0.1257234726688103,0.19984597612629956,0.27572347266881025,-0.45015402387370046
28.455,3422,3069,0.16270096463022507,0.20369657296881016,0.31270096463022506,-0.44630342703118986
28.481,3341,3047,0.13665594855305466,0.19522525991528686,0.28665594855305465,-0.4547747400847132
28.507,3238,2948,0.10707395498392283,0.15710435117443203,0.2570739549839228,-0.492895648825568
28.533,3102,2970,0.06334405144694534,0.16557566422795533,0.21334405144694535,-0.4844243357720447
28.559,3295,2905,0.12540192926045016,0.1405467847516365,0.27540192926045015,-0.5094532152483635
28.585,3318,2938,0.1327974276527331,0.15710435117443203,0.2827974276527331,-0.492895648825568
28.611,3352,2927,0.1504823151125402,0.1528686946476704,0.3004823151125402,-0.49713130535232963
28.637,3364,2916,0.16141479099678457,0.15248363496341932,0.3114147909967846,-0.4975163650365807
28.663,3329,2959,0.15337620578778136,0.16904120138621487,0.30337620578778135,-0.48095879861378515
28.689,3295,2970,0.1459807073954984,0.1732768579129765,0.2959807073954984,-0.4767231420870235
28.715,3387,3003,0.17556270096463023,0.18983442433577205,0.32556270096463025,-0.460165575664228
28.741,3260,2873,0.1347266881028939,0.14747785906815555,0.2847266881028939,-0.5025221409318444
28.767,3341,2948,0.1607717041800643,0.17635733538698498,0.3107717041800643,-0.4736426646130151
28.793,3158,2884,0.10546623794212219,0.15171351559491722,0.2554662379421222,-0.49828648440508283
28.819,3147,2894,0.10192926045016078,0.1555641124374278,0.2519292604501608,-0.49443588756257223
28.845,3158,2981,0.10868167202572347,0.1967654986522911,0.25868167202572345,-0.45323450134770893
28.871,3295,2938,0.1527331189710611,0.18020793222949558,0.3027331189710611,-0.4697920677705044
28.897,3329,2948,0.16366559485530546,0.18405852907200615,0.31366559485530543,-0.4659414709279939
28.923,3192,2927,0.12990353697749196,0.1759722757027339,0.27990353697749193,-0.47402772429726614
28.949,3170,2905,0.12282958199356914,0.16750096264921063,0.2728295819935691,-0.48249903735078936
28.975,3204,2830,0.13729903536977492,0.1386214863303812,0.2872990353697749,-0.5113785136696188
29.001,3260,2948,0.1553054662379421,0.18405852907200615,0.3053054662379421,-0.4659414709279939
29.027,3192,2852,0.13344051446945338,0.14709279938390452,0.2834405144694534,-0.5029072006160955
29.053,3136,2830,0.11864951768488746,0.1386214863303812,0.26864951768488743,-0.5113785136696188
29.079,3114,2852,0.11511254019292605,0.14709279938390452,0.26511254019292607,-0.5029072006160955
29.105,3080,2830,0.10739549839228296,0.1386214863303812,0.25739549839228293,-0.5113785136696188
29.131,3158,2862,0.1360128617363344,0.1509433962264151,0.2860128617363344,-0.49905660377358496
29.157,3158,2873,0.1360128617363344,0.15517905275317675,0.2860128617363344,-0.49482094724682324
29.183,3114,2862,0.12861736334405144,0.1509433962264151,0.2786173633440514,-0.49905660377358496
29.209,3147,2820,0.1392282958199357,0.1347708894878706,0.2892282958199357,-0.5152291105121294
29.235,3058,2777,0.11061093247588424,0.1182133230650751,0.26061093247588424,-0.5317866769349249
29.261,3091,2820,0.12122186495176848,0.1386214863303812,0.2712218649517685,-0.5113785136696188
29.287,3147,2820,0.142443729903537,0.1386214863303812,0.29244372990353695,-0.5113785136696188
29.313,3091,2830,0.12443729903536978,0.14632268001540238,0.2744372990353698,-0.5036773199845976
29.339,3114,2777,0.13183279742765272,0.12591451675009627,0.2818327974276527,-0.5240854832499038
29.365,3204,2852,0.1607717041800643,0.1547939930689257,0.3107717041800643,-0.4952060069310743
29.391,3158,2852,0.1527331189710611,0.1547939930689257,0.3027331189710611,-0.4952060069310743
29.417,3181,2830,0.16012861736334405,0.14632268001540238,0.3101286173633441,-0.5036773199845976
29.443,3181,2788,0.16012861736334405,0.1340007701193685,0.3101286173633441,-0.5159992298806315
29.469,3080,2788,0.12765273311897107,0.1340007701193685,0.2776527331189711,-0.5159992298806315
29.495,3192,2841,0.16366559485530546,0.15440893338467462,0.31366559485530543,-0.49559106661532537
29.521,3080,2798,0.12765273311897107,0.14170196380438968,0.2776527331189711,-0.5082980361956103
29.547,3069,2777,0.12411575562700965,0.13361571043511744,0.2741157556270096,-0.5163842895648826
29.573,3080,2798,0.12765273311897107,0.14170196380438968,0.2776527331189711,-0.5082980361956103
29.599,3114,2788,0.13858520900321544,0.13785136696187908,0.28858520900321544,-0.512148633038121
29.625,3091,2704,0.1311897106109325,0.10550635348479014,0.28118971061093245,-0.5444936465152099
29.651,3058,2694,0.1270096463022508,0.10165575664227955,0.2770096463022508,-0.5483442433577205
29.677,3080,2756,0.13408360128617364,0.1255294570658452,0.2840836012861736,-0.5244705429341548
29.703,3069,2809,0.13054662379421222,0.14940315748941085,0.28054662379421225,-0.5005968425105891
29.729,3058,2767,0.1270096463022508,0.13708124759337698,0.2770096463022508,-0.512918752406623
29.755,3014,2788,0.11286173633440515,0.14516750096264922,0.2628617363344051,-0.5048324990373508
29.781,3069,2756,0.13054662379421222,0.1405467847516365,0.28054662379421225,-0.5094532152483635
29.807,3114,2714,0.14855305466237942,0.12437427801309203,0.2985530546623794,-0.525625721986908
29.833,3102,2725,0.14469453376205788,0.12860993453985367,0.2946945337620579,-0.5213900654601463
29.859,3091,2704,0.14115755627009646,0.12437427801309203,0.29115755627009643,-0.525625721986908
29.885,3069,2704,0.13408360128617364,0.12437427801309203,0.2840836012861736,-0.525625721986908
29.911,3058,2746,0.13054662379421222,0.14401232190989605,0.28054662379421225,-0.505987678090104
29.937,3014,2756,0.11639871382636656,0.14786291875240662,0.26639871382636654,-0.5021370812475934
29.963,3058,2704,0.13054662379421222,0.13554100885637274,0.28054662379421225,-0.5144589911436273
29.989,3102,2777,0.14790996784565916,0.16365036580670003,0.29790996784565915,-0.4863496341933
30.015,3036,2862,0.12990353697749196,0.19984597612629956,0.27990353697749193,-0.45015402387370046
30.041,3036,2852,0.12990353697749196,0.19984597612629956,0.27990353697749193,-0.45015402387370046
30.067,3025,2852,0.12990353697749196,0.19984597612629956,0.27990353697749193,-0.45015402387370046
30.093,3058,2873,0.1405144694533762,0.2117828263380824,0.2905144694533762,-0.4382171736619176
30.119,3047,2894,0.1369774919614148,0.21986907970735464,0.28697749196141475,-0.4301309202926454
30.145,3014,2852,0.1327974276527331,0.20369657296881016,0.2827974276527331,-0.44630342703118986
30.171,3091,2830,0.15755627009646303,0.1986907970735464,0.307556270096463,-0.4513092029264536
30.197,3204,2830,0.19389067524115755,0.1986907970735464,0.3438906752411576,-0.4513092029264536
30.223,3238,2830,0.2080385852090032,0.1986907970735464,0.3580385852090032,-0.4513092029264536
30.249,3181,2788,0.18971061093247588,0.18251829033500191,0.3397106109324759,-0.46748170966499814
30.275,3181,2746,0.1964630225080386,0.17404697728147864,0.3464630225080386,-0.47595302271852136
30.301,3249,2756,0.21832797427652734,0.1778975741239892,0.3683279742765273,-0.4721024258760108
30.327,3192,2746,0.2,0.17404697728147864,0.35,-0.47595302271852136
30.353,3114,2642,0.17491961414790996,0.1340007701193685,0.32491961414790993,-0.5159992298806315
30.379,3125,2683,0.17845659163987138,0.14978821717366192,0.3284565916398714,-0.5002117828263382
30.405,3170,2694,0.19292604501607716,0.15402387370042356,0.34292604501607715,-0.49597612629957644
30.431,3192,2704,0.2032154340836013,0.15787447054293416,0.3532154340836013,-0.4921255294570659
30.457,3136,2652,0.18520900321543407,0.13785136696187908,0.33520900321543406,-0.512148633038121
30.483,3047,2560,0.15659163987138264,0.10242587601078167,0.3065916398713826,-0.5475741239892183
30.509,3047,2530,0.15659163987138264,0.0908740854832499,0.3065916398713826,-0.5591259145167501
30.535,3047,2591,0.15659163987138264,0.11436272622256449,0.3065916398713826,-0.5356372737774355
30.561,3036,2450,0.1562700964630225,0.06006931074316519,0.3062700964630225,-0.5899306892568348
30.587,2938,2560,0.12475884244372991,0.10242587601078167,0.2747588424437299,-0.5475741239892183
30.613,2970,2540,0.13504823151125403,0.09472468232576049,0.285048231511254,-0.5552753176742395
30.639,2981,2560,0.13858520900321544,0.1058914131690412,0.28858520900321544,-0.5441085868309589
30.665,2948,2611,0.12797427652733118,0.1255294570658452,0.2779742765273312,-0.5244705429341548
30.691,2970,2591,0.13504823151125403,0.11782826338082403,0.285048231511254,-0.532171736619176
30.717,2905,2632,0.11414790996784566,0.13746630727762804,0.26414790996784565,-0.512533692722372
30.743,2927,2591,0.12122186495176848,0.12167886022333461,0.2712218649517685,-0.5283211397766654
30.769,2938,2570,0.12475884244372991,0.11359260685406238,0.2747588424437299,-0.5364073931459377
30.795,2841,2510,0.09678456591639871,0.09048902579899884,0.2467845659163987,-0.5595109742010012
30.821,2948,2540,0.1311897106109325,0.10204081632653061,0.28118971061093245,-0.5479591836734694
30.847,2916,2581,0.12090032154340837,0.11782826338082403,0.2709003215434084,-0.532171736619176
30.873,2862,2621,0.1067524115755627,0.13323065075086638,0.2567524115755627,-0.5167693492491336
30.899,2852,2520,0.10353697749196142,0.09433962264150944,0.2535369774919614,-0.5556603773584906
30.925,2916,2550,0.12733118971061094,0.1058914131690412,0.27733118971061094,-0.5441085868309589
30.951,2905,2460,0.12379421221864952,0.0712360415864459,0.2737942122186495,-0.5787639584135541
30.977,2788,2540,0.08617363344051447,0.10204081632653061,0.23617363344051445,-0.5479591836734694
31.003,2841,2450,0.10321543408360129,0.0673854447439353,0.25321543408360125,-0.5826145552560648
31.029,2830,2490,0.10289389067524116,0.08278783211397767,0.25289389067524115,-0.5672121678860224
31.055,2820,2520,0.09967845659163987,0.09780515979976896,0.24967845659163987,-0.552194840200231
31.081,2777,2570,0.08585209003215434,0.11705814401232191,0.23585209003215435,-0.5329418559876781
31.107,2777,2460,0.08585209003215434,0.07470157874470543,0.23585209003215435,-0.5752984212552946
31.133,2948,2581,0.14083601286173633,0.12129380053908356,0.2908360128617363,-0.5287061994609165
31.159,2959,2470,0.14437299035369774,0.08240277242972661,0.29437299035369774,-0.5675972275702734
31.185,2884,2530,0.1202572347266881,0.10550635348479014,0.2702572347266881,-0.5444936465152099
31.211,2841,2470,0.10643086816720257,0.08240277242972661,0.25643086816720256,-0.5675972275702734
31.237,2767,2490,0.08263665594855306,0.09010396611474779,0.23263665594855304,-0.5598960338852522
31.263,2788,2470,0.08938906752411575,0.08240277242972661,0.23938906752411576,-0.5675972275702734
31.289,2830,2530,0.10289389067524116,0.10550635348479014,0.25289389067524115,-0.5444936465152099
31.315,2841,2450,0.10643086816720257,0.07470157874470543,0.25643086816720256,-0.5752984212552946
31.341,2820,2440,0.09967845659163987,0.07085098190219484,0.24967845659163987,-0.5791490180978052
31.367,2735,2550,0.07234726688102894,0.11320754716981132,0.22234726688102893,-0.5367924528301887
31.393,2756,2510,0.07909967845659165,0.09780515979976896,0.22909967845659163,-0.552194840200231
31.419,2820,2430,0.09967845659163987,0.06700038505968425,0.24967845659163987,-0.5829996149403158
31.445,2777,2450,0.08585209003215434,0.07470157874470543,0.23585209003215435,-0.5752984212552946
31.471,2704,2520,0.062379421221864954,0.10165575664227955,0.21237942122186496,-0.5483442433577205
31.497,2683,2530,0.05562700964630225,0.10550635348479014,0.20562700964630226,-0.5444936465152099
31.523,2704,2500,0.062379421221864954,0.09395456295725838,0.21237942122186496,-0.5560454370427417
31.549,2735,2550,0.07556270096463022,0.11320754716981132,0.22556270096463021,-0.5367924528301887
31.575,2663,2560,0.052411575562700964,0.11705814401232191,0.20241157556270095,-0.5329418559876781
31.601,2591,2540,0.029260450160771705,0.10935695032730074,0.1792604501607717,-0.5406430496726993
31.627,2683,2570,0.058842443729903535,0.1209087408548325,0.20884244372990352,-0.5290912591451675
31.653,2746,2570,0.07909967845659165,0.12437427801309203,0.22909967845659163,-0.525625721986908
31.679,2714,2510,0.06881028938906752,0.10512129380053908,0.21881028938906752,-0.5448787061994609
31.705,2704,2470,0.06559485530546624,0.08971890643049672,0.21559485530546624,-0.5602810935695033
31.731,2714,2470,0.06881028938906752,0.08971890643049672,0.21881028938906752,-0.5602810935695033
31.757,2714,2450,0.0720257234726688,0.08201771274547555,0.2220257234726688,-0.5679822872545245
31.783,2714,2510,0.0720257234726688,0.10512129380053908,0.2220257234726688,-0.5448787061994609
31.809,2683,2530,0.06205787781350482,0.11282248748556026,0.21205787781350482,-0.5371775125144398
31.835,2652,2411,0.05209003215434083,0.06700038505968425,0.20209003215434082,-0.5829996149403158
31.861,2621,2391,0.04212218649517685,0.05929919137466307,0.19212218649517684,-0.5907008086253369
31.887,2601,2352,0.03569131832797428,0.04428186368887178,0.18569131832797428,-0.6057181363111283
31.913,2683,2294,0.06205787781350482,0.02194840200231036,0.21205787781350482,-0.6280515979976896
31.939,2767,2333,0.08906752411575562,0.036965729688101655,0.2390675241157556,-0.6130342703118984
31.965,2652,2372,0.05209003215434083,0.05198305737389295,0.20209003215434082,-0.598016942626107
31.991,2663,2381,0.05562700964630225,0.055448594532152486,0.20562700964630226,-0.5945514054678476
32.017,2642,2391,0.04887459807073955,0.05929919137466307,0.19887459807073954,-0.5907008086253369
32.043,2621,2411,0.04212218649517685,0.07046592221794377,0.19212218649517684,-0.5795340777820562
32.069,2683,2510,0.06205787781350482,0.10858683095879862,0.21205787781350482,-0.5414131690412014
32.095,2683,2480,0.06205787781350482,0.09703504043126684,0.21205787781350482,-0.5529649595687331
32.121,2704,2430,0.06881028938906752,0.0777820562187139,0.21881028938906752,-0.5722179437812861
32.147,2714,2480,0.0720257234726688,0.09703504043126684,0.2220257234726688,-0.5529649595687331
32.173,2725,2470,0.07556270096463022,0.09318444358875626,0.22556270096463021,-0.5568155564112438
32.199,2683,2470,0.06205787781350482,0.09318444358875626,0.21205787781350482,-0.5568155564112438
32.225,2652,2421,0.05209003215434083,0.07816711590296496,0.20209003215434082,-0.571832884097035
32.251,2652,2430,0.05209003215434083,0.08163265306122448,0.20209003215434082,-0.5683673469387756
32.277,2714,2460,0.0720257234726688,0.09318444358875626,0.2220257234726688,-0.5568155564112438
32.303,2735,2391,0.07877813504823152,0.06661532537543319,0.22877813504823152,-0.5833846746245668
32.329,2652,2381,0.05209003215434083,0.0627647285329226,0.20209003215434082,-0.5872352714670774
32.355,2673,2372,0.058842443729903535,0.05929919137466307,0.20884244372990352,-0.5907008086253369
32.381,2673,2314,0.058842443729903535,0.036965729688101655,0.20884244372990352,-0.6130342703118984
32.407,2632,2285,0.04565916398713826,0.029264536003080478,0.19565916398713826,-0.6207354639969196
32.433,2673,2323,0.058842443729903535,0.04389680400462072,0.20884244372990352,-0.6061031959953793
32.459,2663,2352,0.05562700964630225,0.05506353484790143,0.20562700964630226,-0.5949364651520986
32.485,2632,2333,0.04565916398713826,0.047747400847131305,0.19565916398713826,-0.6022525991528687
32.511,2601,2343,0.03569131832797428,0.05159799768964189,0.18569131832797428,-0.5984020023103581
32.537,2550,2323,0.01929260450160772,0.04389680400462072,0.1692926045016077,-0.6061031959953793
32.563,2550,2294,0.022508038585209004,0.03273007316134001,0.172508038585209,-0.61726992683866
32.589,2560,2314,0.02572347266881029,0.04043126684636118,0.17572347266881028,-0.6095687331536388
32.615,2530,2275,0.01607717041800643,0.02887947631882942,0.16607717041800643,-0.6211205236811707
32.641,2540,2200,0.01929260450160772,0.0,0.1692926045016077,-0.65
32.667,2601,2228,0.03890675241157556,0.01078167115902965,0.18890675241157556,-0.6392183288409704
32.693,2621,2294,0.04533762057877813,0.03619561031959954,0.19533762057877813,-0.6138043896804005
32.719,2570,2294,0.03215434083601286,0.040046207162110124,0.18215434083601284,-0.6099537928378899
32.745,2550,2333,0.02572347266881029,0.05506353484790143,0.17572347266881028,-0.5949364651520986
32.771,2591,2314,0.03890675241157556,0.047747400847131305,0.18890675241157556,-0.6022525991528687
32.797,2570,2285,0.03215434083601286,0.036580670003850596,0.18215434083601284,-0.6134193299961495
32.823,2490,2294,0.00964630225080386,0.040046207162110124,0.15964630225080384,-0.6099537928378899
32.849,2500,2333,0.01929260450160772,0.05506353484790143,0.1692926045016077,-0.5949364651520986
32.875,2560,2256,0.03858520900321544,0.02887947631882942,0.18858520900321543,-0.6211205236811707
32.901,2611,2256,0.06109324758842444,0.02887947631882942,0.21109324758842443,-0.6211205236811707
32.927,2591,2304,0.05466237942122187,0.050827878321139774,0.20466237942122187,-0.5991721216788602
32.953,2601,2314,0.05787781350482315,0.05467847516365037,0.20787781350482315,-0.5953215248363497
32.979,2611,2333,0.06109324758842444,0.06199460916442048,0.21109324758842443,-0.5880053908355796
33.005,2540,2333,0.041479099678456595,0.06199460916442048,0.19147909967845658,-0.5880053908355796
33.031,2510,2314,0.038263665594855306,0.06199460916442048,0.1882636655948553,-0.5880053908355796
33.057,2601,2323,0.06752411575562701,0.06546014632268002,0.21752411575562702,-0.58453985367732
33.083,2652,2343,0.08713826366559485,0.07316134000770119,0.23713826366559485,-0.5768386599922988
33.109,2632,2304,0.08070739549839229,0.058144012321909896,0.23070739549839228,-0.5918559876780901
33.135,2490,2275,0.03504823151125402,0.050442818636888716,0.18504823151125402,-0.5995571813631113
33.161,2520,2333,0.047588424437299034,0.07277628032345014,0.19758842443729902,-0.5772237196765498
33.187,2560,2275,0.06045016077170418,0.05429341547939931,0.21045016077170417,-0.5957065845206007
33.213,2611,2275,0.07684887459807074,0.05429341547939931,0.22684887459807074,-0.5957065845206007
33.239,2500,2247,0.044372990353697746,0.04351174432036966,0.19437299035369773,-0.6064882556796304
33.265,2570,2275,0.06688102893890675,0.05429341547939931,0.21688102893890676,-0.5957065845206007
33.291,2570,2294,0.06688102893890675,0.061609549480169425,0.21688102893890676,-0.5883904505198306
33.317,2490,2266,0.041157556270096464,0.050827878321139774,0.19115755627009645,-0.5991721216788602
33.343,2591,2266,0.07684887459807074,0.050827878321139774,0.22684887459807074,-0.5991721216788602
33.369,2581,2294,0.07363344051446945,0.061609549480169425,0.22363344051446943,-0.5883904505198306
33.395,2510,2304,0.05080385852090032,0.06546014632268002,0.20080385852090032,-0.58453985367732
33.421,2490,2323,0.05369774919614148,0.07277628032345014,0.20369774919614148,-0.5772237196765498
33.447,2560,2314,0.07620578778135048,0.07277628032345014,0.22620578778135048,-0.5772237196765498
33.473,2510,2294,0.06012861736334405,0.07547169811320754,0.21012861736334404,-0.5745283018867925
33.499,2530,2294,0.06655948553054662,0.07547169811320754,0.2165594855305466,-0.5745283018867925
33.525,2470,2266,0.047266881028938904,0.0646900269541779,0.1972668810289389,-0.5853099730458221
33.551,2560,2218,0.07620578778135048,0.04620716211012707,0.22620578778135048,-0.6037928378898729
33.577,2550,2314,0.07588424437299035,0.08317289179822873,0.22588424437299034,-0.5668271082017713
33.603,2570,2372,0.08231511254019293,0.10550635348479014,0.23231511254019294,-0.5444936465152099
33.629,2510,2256,0.06302250803858521,0.0646900269541779,0.2130225080385852,-0.5853099730458221
33.655,2520,2237,0.06623794212218649,0.05737389295340778,0.2162379421221865,-0.5926261070465922
33.681,2560,2285,0.08231511254019293,0.07585675779745861,0.23231511254019294,-0.5741432422025414
33.707,2530,2256,0.07588424437299035,0.0646900269541779,0.22588424437299034,-0.5853099730458221
33.733,2500,2200,0.06623794212218649,0.0431266846361186,0.2162379421221865,-0.6068733153638814
33.759,2520,2256,0.07556270096463022,0.0646900269541779,0.22556270096463021,-0.5853099730458221
33.785,2550,2190,0.08520900321543408,0.03927608779360801,0.2352090032154341,-0.610723912206392
33.811,2520,2266,0.07556270096463022,0.06854062379668849,0.22556270096463021,-0.5814593762033116
33.837,2570,2323,0.09163987138263666,0.09048902579899884,0.24163987138263665,-0.5595109742010012
33.863,2490,2209,0.0720257234726688,0.04659222179437813,0.2220257234726688,-0.6034077782056219
33.889,2520,2314,0.08167202572347267,0.09395456295725838,0.23167202572347267,-0.5560454370427417
33.915,2540,2314,0.08810289389067524,0.09742010011551791,0.23810289389067524,-0.5525798998844821
33.941,2500,2352,0.0752411575562701,0.11205236811705814,0.2252411575562701,-0.5379476318829419
33.967,2540,2256,0.08810289389067524,0.07508663842895649,0.23810289389067524,-0.5749133615710436
33.993,2581,2294,0.10128617363344052,0.08971890643049672,0.2512861736334405,-0.5602810935695033
34.019,2540,2218,0.09131832797427653,0.06045437042741625,0.24131832797427652,-0.5895456295725838
34.045,2510,2256,0.08167202572347267,0.07508663842895649,0.23167202572347267,-0.5749133615710436
34.071,2570,2323,0.10096463022508038,0.10435117443203697,0.25096463022508037,-0.545648825567963
34.097,2520,2275,0.08488745980707396,0.08586830958798614,0.23488745980707396,-0.5641316904120139
34.123,2570,2237,0.10385852090032155,0.0712360415864459,0.25385852090032157,-0.5787639584135541
34.149,2480,2314,0.07491961414790997,0.10435117443203697,0.22491961414790995,-0.545648825567963
34.175,2530,2314,0.09710610932475884,0.10435117443203697,0.24710610932475885,-0.545648825567963
34.201,2520,2314,0.09389067524115756,0.1078167115902965,0.24389067524115754,-0.5421832884097035
34.227,2480,2314,0.08102893890675242,0.1078167115902965,0.2310289389067524,-0.5421832884097035
34.253,2591,2237,0.11672025723472669,0.07816711590296496,0.2667202572347267,-0.571832884097035
34.279,2520,2237,0.09389067524115756,0.08163265306122448,0.24389067524115754,-0.5683673469387756
34.305,2470,2209,0.07781350482315112,0.07085098190219484,0.2278135048231511,-0.5791490180978052
34.331,2480,2294,0.08102893890675242,0.1105121293800539,0.2310289389067524,-0.5394878706199461
34.357,2490,2228,0.0842443729903537,0.08509819021948402,0.2342443729903537,-0.564901809780516
34.383,2560,2247,0.1067524115755627,0.09241432422025414,0.2567524115755627,-0.5575856757797459
34.409,2550,2285,0.1067524115755627,0.1105121293800539,0.2567524115755627,-0.5394878706199461
34.435,2510,2237,0.09678456591639871,0.09202926453600307,0.2467845659163987,-0.5579707354639969
34.461,2520,2285,0.1,0.1105121293800539,0.25,-0.5394878706199461
34.487,2540,2333,0.10932475884244373,0.12899499422410474,0.2593247588424437,-0.5210050057758953
34.513,2570,2343,0.1189710610932476,0.13284559106661534,0.2689710610932476,-0.5171544089333847
34.539,2550,2237,0.1157556270096463,0.09202926453600307,0.2657556270096463,-0.5579707354639969
34.565,2550,2237,0.1157556270096463,0.09202926453600307,0.2657556270096463,-0.5579707354639969
34.591,2560,2266,0.1189710610932476,0.10319599537928378,0.2689710610932476,-0.5468040046207162
34.617,2520,2218,0.10610932475884244,0.08471313053523297,0.2561093247588424,-0.565286869464767
34.643,2560,2218,0.1189710610932476,0.08817866769349249,0.2689710610932476,-0.5618213323065075
34.669,2611,2285,0.1382636655948553,0.11397766653831344,0.2882636655948553,-0.5360223334616866
34.695,2601,2256,0.13504823151125403,0.10627647285329227,0.285048231511254,-0.5437235271467078
34.721,2530,2294,0.11221864951768488,0.1209087408548325,0.26221864951768487,-0.5290912591451675
34.747,2540,2209,0.11543408360128618,0.08817866769349249,0.2654340836012862,-0.5618213323065075
34.773,2560,2266,0.12475884244372991,0.11012706969580285,0.2747588424437299,-0.5398729303041971
34.799,2570,2275,0.12797427652733118,0.11705814401232191,0.2779742765273312,-0.5329418559876781
34.825,2581,2134,0.1347266881028939,0.0627647285329226,0.2847266881028939,-0.5872352714670774
34.851,2550,2172,0.12475884244372991,0.07739699653446284,0.2747588424437299,-0.5726030034655372
34.877,2632,2190,0.15401929260450162,0.0843280708509819,0.3040192926045016,-0.5656719291490181
34.903,2570,2228,0.13408360128617364,0.09896033885252215,0.2840836012861736,-0.5510396611474779
34.929,2530,2237,0.12122186495176848,0.1058914131690412,0.2712218649517685,-0.5441085868309589
34.955,2581,2190,0.1405144694533762,0.0908740854832499,0.2905144694533762,-0.5591259145167501
34.981,2510,2237,0.12090032154340837,0.11590296495956873,0.2709003215434084,-0.5340970350404313
35.007,2460,2200,0.10482315112540193,0.10165575664227955,0.25482315112540194,-0.5483442433577205
35.033,2500,2218,0.11768488745980707,0.10858683095879862,0.26768488745980706,-0.5414131690412014
35.059,2480,2247,0.1112540192926045,0.11975356180207933,0.2612540192926045,-0.5302464381979207
35.085,2440,2275,0.09839228295819935,0.13053523296110897,0.24839228295819935,-0.519464767038891
35.111,2421,2266,0.09517684887459807,0.12706969580284944,0.24517684887459806,-0.5229303041971506
35.137,2440,2218,0.10418006430868167,0.10858683095879862,0.2541800643086817,-0.5414131690412014
35.163,2421,2200,0.09807073954983923,0.10165575664227955,0.24807073954983921,-0.5483442433577205
35.189,2421,2153,0.09807073954983923,0.08355795148247978,0.24807073954983921,-0.5664420485175202
35.215,2480,2172,0.11993569131832797,0.0908740854832499,0.26993569131832795,-0.5591259145167501
35.241,2470,2190,0.11961414790996784,0.09780515979976896,0.26961414790996785,-0.552194840200231
35.267,2490,2172,0.12604501607717042,0.0908740854832499,0.2760450160771704,-0.5591259145167501
35.293,2470,2181,0.11961414790996784,0.09433962264150944,0.26961414790996785,-0.5556603773584906
35.319,2411,2181,0.10385852090032155,0.09433962264150944,0.25385852090032157,-0.5556603773584906
35.345,2381,2153,0.09710610932475884,0.08702348864073932,0.24710610932475885,-0.5629765113592607
35.371,2372,2153,0.09710610932475884,0.08702348864073932,0.24710610932475885,-0.5629765113592607
35.397,2391,2209,0.10321543408360129,0.10858683095879862,0.25321543408360125,-0.5414131690412014
35.423,2352,2200,0.09067524115755626,0.10858683095879862,0.24067524115755626,-0.5414131690412014
35.449,2362,2134,0.09389067524115756,0.0862533692722372,0.24389067524115754,-0.5637466307277628
35.475,2352,2088,0.09067524115755626,0.06854062379668849,0.24067524115755626,-0.5814593762033116
35.501,2314,2088,0.08135048231511254,0.06854062379668849,0.23135048231511252,-0.5814593762033116
35.527,2381,2098,0.10289389067524116,0.07239122063919907,0.25289389067524115,-0.5776087793608009
35.553,2440,2052,0.12186495176848874,0.05467847516365037,0.27186495176848874,-0.5953215248363497
35.579,2381,2134,0.10289389067524116,0.0862533692722372,0.25289389067524115,-0.5637466307277628
35.605,2352,2190,0.09356913183279743,0.1078167115902965,0.24356913183279744,-0.5421832884097035
35.631,2362,2088,0.09678456591639871,0.06854062379668849,0.2467845659163987,-0.5814593762033116
35.657,2401,2052,0.10932475884244373,0.05467847516365037,0.2593247588424437,-0.5953215248363497
35.683,2304,2125,0.08102893890675242,0.08278783211397767,0.2310289389067524,-0.5672121678860224
35.709,2247,2172,0.06559485530546624,0.10088563727377743,0.21559485530546624,-0.5491143627262226
35.735,2256,2144,0.0684887459807074,0.09010396611474779,0.2184887459807074,-0.5598960338852522
35.761,2372,2144,0.10578778135048232,0.09010396611474779,0.2557877813504823,-0.5598960338852522
35.787,2391,2088,0.11189710610932475,0.06854062379668849,0.26189710610932476,-0.5814593762033116
35.813,2285,2088,0.07781350482315112,0.06854062379668849,0.2278135048231511,-0.5814593762033116
35.839,2256,2134,0.0684887459807074,0.0862533692722372,0.2184887459807074,-0.5637466307277628
35.865,2401,2144,0.11511254019292605,0.09010396611474779,0.26511254019292607,-0.5598960338852522
35.891,2362,2088,0.10257234726688103,0.07200616095494802,0.25257234726688105,-0.577993839045052
35.917,2323,2153,0.09003215434083602,0.09703504043126684,0.24003215434083602,-0.5529649595687331
35.943,2323,2218,0.09003215434083602,0.12206391990758568,0.24003215434083602,-0.5279360800924143
35.969,2323,2181,0.09003215434083602,0.1078167115902965,0.24003215434083602,-0.5421832884097035
35.995,2314,2190,0.08713826366559485,0.11782826338082403,0.23713826366559485,-0.532171736619176
36.021,2323,2172,0.09003215434083602,0.11089718906430497,0.24003215434083602,-0.539102810935695
36.047,2323,2098,0.09292604501607717,0.08240277242972661,0.24292604501607717,-0.5675972275702734
36.073,2266,2088,0.07459807073954984,0.07855217558721601,0.22459807073954985,-0.571447824412784
36.099,2228,2134,0.062379421221864954,0.09626492106276473,0.21237942122186496,-0.5537350789372353
36.125,2333,2153,0.09614147909967846,0.10358105506353485,0.24614147909967846,-0.5464189449364651
36.151,2285,2107,0.08070739549839229,0.08933384674624567,0.23070739549839228,-0.5606661532537544
36.177,2294,2125,0.0864951768488746,0.09626492106276473,0.2364951768488746,-0.5537350789372353
36.203,2362,2061,0.10836012861736334,0.07162110127069696,0.25836012861736335,-0.578378898729303
36.229,2352,2088,0.10514469453376206,0.08201771274547555,0.25514469453376204,-0.5679822872545245
36.255,2209,2098,0.059163987138263666,0.08933384674624567,0.20916398713826367,-0.5606661532537544
36.281,2266,2070,0.07749196141479099,0.07855217558721601,0.227491961414791,-0.571447824412784
36.307,2294,2034,0.0864951768488746,0.06777050442818637,0.2364951768488746,-0.5822294955718137
36.333,2228,2052,0.06527331189710611,0.07470157874470543,0.2152733118971061,-0.5752984212552946
36.359,2228,2088,0.07106109324758843,0.08856372737774355,0.22106109324758844,-0.5614362726222565
36.385,2304,2043,0.0954983922829582,0.07470157874470543,0.2454983922829582,-0.5752984212552946
36.411,2228,2061,0.07395498392282958,0.08163265306122448,0.2239549839228296,-0.5683673469387756
36.437,2285,1998,0.09228295819935692,0.05737389295340778,0.2422829581993569,-0.5926261070465922
36.463,2247,2061,0.08006430868167203,0.08163265306122448,0.23006430868167202,-0.5683673469387756
36.489,2228,2061,0.07395498392282958,0.08163265306122448,0.2239549839228296,-0.5683673469387756
36.515,2266,2043,0.08617363344051447,0.07470157874470543,0.23617363344051445,-0.5752984212552946
36.541,2275,2079,0.08906752411575562,0.08856372737774355,0.2390675241157556,-0.5614362726222565
36.567,2275,2007,0.08906752411575562,0.06083943011166731,0.2390675241157556,-0.5891605698883328
36.593,2266,2079,0.08906752411575562,0.09202926453600307,0.2390675241157556,-0.5579707354639969
36.619,2181,2025,0.06173633440514469,0.07431651906045438,0.2117363344051447,-0.5756834809395457
36.645,2228,1998,0.07684887459807074,0.06391990758567578,0.22684887459807074,-0.5860800924143242
36.671,2256,1980,0.08585209003215434,0.05698883326915672,0.23585209003215435,-0.5930111667308433
36.697,2294,1971,0.09807073954983923,0.05698883326915672,0.24807073954983921,-0.5930111667308433
36.723,2134,1971,0.04662379421221865,0.05698883326915672,0.19662379421221865,-0.5930111667308433
36.749,2162,2034,0.05562700964630225,0.08124759337697343,0.20562700964630226,-0.5687524066230266
36.775,2172,2034,0.058842443729903535,0.08124759337697343,0.20884244372990352,-0.5687524066230266
36.801,2200,1998,0.0707395498392283,0.07046592221794377,0.22073954983922828,-0.5795340777820562
36.827,2190,2025,0.06752411575562701,0.08086253369272237,0.21752411575562702,-0.5691374663072777
36.853,2237,1998,0.08263665594855306,0.07393145937620331,0.23263665594855304,-0.5760685406237968
36.879,2323,1998,0.11028938906752411,0.07393145937620331,0.2602893890675241,-0.5760685406237968
36.905,2314,1980,0.10739549839228296,0.06700038505968425,0.25739549839228293,-0.5829996149403158
36.931,2218,1971,0.07652733118971061,0.06353484790142472,0.2265273311897106,-0.5864651520985753
36.957,2190,2043,0.06752411575562701,0.09125914516750096,0.21752411575562702,-0.558740854832499
36.983,2107,2070,0.04083601286173633,0.10473623411628802,0.19083601286173632,-0.5452637658837121
37.009,2190,1936,0.06752411575562701,0.053138236426646134,0.21752411575562702,-0.5968617635733539
37.035,2209,1989,0.07652733118971061,0.07354639969195226,0.2265273311897106,-0.5764536003080478
37.061,2162,2016,0.06141479099678457,0.08394301116673085,0.21141479099678456,-0.5660569888332692
37.087,2200,2052,0.07363344051446945,0.09780515979976896,0.22363344051446943,-0.552194840200231
37.113,2190,1962,0.07041800643086817,0.06661532537543319,0.22041800643086817,-0.5833846746245668
37.139,2144,1989,0.05562700964630225,0.08009241432422025,0.20562700964630226,-0.5699075856757798
37.165,2153,2034,0.05852090032154341,0.09742010011551791,0.2085209003215434,-0.5525798998844821
37.191,2181,2034,0.06752411575562701,0.09742010011551791,0.21752411575562702,-0.5525798998844821
37.217,2190,1971,0.07041800643086817,0.07316134000770119,0.22041800643086817,-0.5768386599922988
37.243,2134,1910,0.05530546623794212,0.0496726992683866,0.2053054662379421,-0.6003273007316134
37.269,2125,1927,0.052411575562700964,0.0562187139006546,0.20241157556270095,-0.5937812860993454
37.295,2181,1936,0.07041800643086817,0.05968425105891413,0.22041800643086817,-0.5903157489410858
37.321,2200,1901,0.07909967845659165,0.0496726992683866,0.22909967845659163,-0.6003273007316134
37.347,2172,2007,0.07009646302250803,0.09048902579899884,0.22009646302250802,-0.5595109742010012
37.373,2098,1980,0.04630225080385852,0.08009241432422025,0.19630225080385852,-0.5699075856757798
37.399,2134,1971,0.05787781350482315,0.07662687716596073,0.20787781350482315,-0.5733731228340393
37.425,2134,1954,0.05787781350482315,0.07008086253369272,0.20787781350482315,-0.5799191374663073
37.451,2134,1936,0.05787781350482315,0.06314978821717367,0.20787781350482315,-0.5868502117828264
37.477,2088,1901,0.043086816720257236,0.0496726992683866,0.19308681672025724,-0.6003273007316134
37.503,2162,1849,0.06688102893890675,0.029649595687331536,0.21688102893890676,-0.6203504043126685
37.529,2153,1936,0.06398713826366559,0.06314978821717367,0.21398713826366558,-0.5868502117828264
37.555,2061,1936,0.03440514469453376,0.06314978821717367,0.18440514469453376,-0.5868502117828264
37.581,2061,1927,0.03440514469453376,0.05968425105891413,0.18440514469453376,-0.5903157489410858
37.607,2079,1945,0.04019292604501608,0.06661532537543319,0.1901929260450161,-0.5833846746245668
37.633,2025,1989,0.02282958199356913,0.08663842895648825,0.17282958199356913,-0.5633615710435118
37.659,2043,1962,0.028617363344051447,0.07624181748170966,0.17861736334405143,-0.5737581825182904
37.685,2116,1954,0.05209003215434083,0.07316134000770119,0.20209003215434082,-0.5768386599922988
37.711,2070,1954,0.03729903536977492,0.07316134000770119,0.1872990353697749,-0.5768386599922988
37.737,2061,1945,0.03440514469453376,0.06969580284944166,0.18440514469453376,-0.5803041971505584
37.763,2116,1980,0.05209003215434083,0.08317289179822873,0.20209003215434082,-0.5668271082017713
37.789,2116,1962,0.05209003215434083,0.07624181748170966,0.20209003215434082,-0.5737581825182904
37.815,2098,1927,0.04630225080385852,0.0627647285329226,0.19630225080385852,-0.5872352714670774
37.841,2098,1918,0.04630225080385852,0.06237966884867154,0.19630225080385852,-0.5876203311513285
37.867,2070,1936,0.03729903536977492,0.0693107431651906,0.1872990353697749,-0.5806892568348094
37.893,2043,1910,0.028617363344051447,0.05929919137466307,0.17861736334405143,-0.5907008086253369
37.919,2061,1884,0.03440514469453376,0.05275317674239507,0.18440514469453376,-0.5972468232576049
37.945,2043,1910,0.028617363344051447,0.06584520600693107,0.17861736334405143,-0.5841547939930689
37.971,2052,1910,0.031511254019292605,0.07239122063919907,0.1815112540192926,-0.5776087793608009
37.997,2079,1866,0.04019292604501608,0.055448594532152486,0.1901929260450161,-0.5945514054678476
38.023,2061,1875,0.03440514469453376,0.058914131690412014,0.18440514469453376,-0.591085868309588
38.049,2079,1901,0.043086816720257236,0.06892568348093954,0.19308681672025724,-0.5810743165190605
38.075,2088,1901,0.045980707395498394,0.07200616095494802,0.1959807073954984,-0.577993839045052
38.101,2043,1927,0.031511254019292605,0.08201771274547555,0.1815112540192926,-0.5679822872545245
38.127,2025,2007,0.02572347266881029,0.11282248748556026,0.17572347266881028,-0.5371775125144398
38.153,2034,2061,0.028617363344051447,0.13361571043511744,0.17861736334405143,-0.5163842895648826
38.179,2088,2070,0.045980707395498394,0.13708124759337698,0.1959807073954984,-0.512918752406623
38.205,2070,1971,0.043086816720257236,0.09896033885252215,0.19308681672025724,-0.5510396611474779
38.231,2025,1954,0.028617363344051447,0.09549480169426261,0.17861736334405143,-0.5545051983057374
38.257,2043,2061,0.03440514469453376,0.1366961879091259,0.18440514469453376,-0.5133038120908742
38.283,2007,1980,0.02282958199356913,0.10550635348479014,0.17282958199356913,-0.5444936465152099
38.309,2025,1980,0.031511254019292605,0.10550635348479014,0.1815112540192926,-0.5444936465152099
38.335,2034,2079,0.03440514469453376,0.14362726222564498,0.18440514469453376,-0.506372737774355
38.361,2079,2034,0.04887459807073955,0.12629957643434733,0.19887459807073954,-0.5237004235656527
38.387,2070,2034,0.045980707395498394,0.12629957643434733,0.1959807073954984,-0.5237004235656527
38.413,2043,1954,0.04019292604501608,0.09549480169426261,0.1901929260450161,-0.5545051983057374
38.439,2052,1849,0.043086816720257236,0.05506353484790143,0.19308681672025724,-0.5949364651520986
38.465,2061,1832,0.04855305466237942,0.04851752021563342,0.1985530546623794,-0.6014824797843666
38.491,2079,1858,0.054340836012861736,0.06199460916442048,0.20434083601286174,-0.5880053908355796
38.517,2088,1832,0.057234726688102894,0.05198305737389295,0.2072347266881029,-0.598016942626107
38.543,2061,1866,0.04855305466237942,0.06507508663842895,0.1985530546623794,-0.584924913361571
38.569,1998,1884,0.031189710610932477,0.07508663842895649,0.18118971061093248,-0.5749133615710436
38.595,2034,1858,0.042765273311897105,0.06507508663842895,0.1927652733118971,-0.584924913361571
38.621,1971,1832,0.022508038585209004,0.05506353484790143,0.172508038585209,-0.5949364651520986
38.647,2034,1884,0.042765273311897105,0.07508663842895649,0.1927652733118971,-0.5749133615710436
38.673,2043,1962,0.04565916398713826,0.10512129380053908,0.19565916398713826,-0.5448787061994609
38.699,1998,1901,0.031189710610932477,0.08471313053523297,0.18118971061093248,-0.565286869464767
38.725,1945,1892,0.01414790996784566,0.08124759337697343,0.16414790996784565,-0.5687524066230266
38.751,1980,1849,0.02540192926045016,0.0646900269541779,0.17540192926045015,-0.5853099730458221
38.777,1927,1884,0.008360128617363344,0.07816711590296496,0.15836012861736334,-0.571832884097035
38.803,1989,1901,0.031189710610932477,0.08471313053523297,0.18118971061093248,-0.565286869464767
38.829,2043,1901,0.04855305466237942,0.08471313053523297,0.1985530546623794,-0.565286869464767
38.855,1962,1806,0.022508038585209004,0.048132460531382364,0.172508038585209,-0.6018675394686177
38.881,2025,1764,0.04533762057877813,0.044666923373122835,0.19533762057877813,-0.6053330766268772
38.907,2034,1849,0.04823151125401929,0.07739699653446284,0.19823151125401928,-0.5726030034655372
38.933,1962,1858,0.02508038585209003,0.08086253369272237,0.17508038585209001,-0.5691374663072777
38.959,1980,1849,0.03376205787781351,0.07739699653446284,0.1837620578778135,-0.5726030034655372
38.985,2034,1798,0.05112540192926045,0.06083943011166731,0.20112540192926043,-0.5891605698883328
39.011,1989,1815,0.03954983922829582,0.0673854447439353,0.18954983922829582,-0.5826145552560648
39.037,2007,1910,0.04533762057877813,0.1039661147477859,0.19533762057877813,-0.5460338852522141
39.063,1998,1840,0.04244372990353698,0.07701193685021178,0.19244372990353698,-0.5729880631497882
39.089,1954,1806,0.02829581993569132,0.06391990758567578,0.17829581993569132,-0.5860800924143242
39.115,2007,1945,0.04533762057877813,0.11744320369657296,0.19533762057877813,-0.532556796303427
39.141,2016,1806,0.04823151125401929,0.06700038505968425,0.19823151125401928,-0.5829996149403158
39.167,2034,1858,0.05659163987138264,0.08702348864073932,0.20659163987138263,-0.5629765113592607
39.193,1980,1823,0.03922829581993569,0.07354639969195226,0.1892282958199357,-0.5764536003080478
39.219,2016,1815,0.05080385852090032,0.07046592221794377,0.20080385852090032,-0.5795340777820562
39.245,1971,1806,0.036334405144694534,0.06700038505968425,0.18633440514469451,-0.5829996149403158
39.271,2043,1806,0.0594855305466238,0.06700038505968425,0.20948553054662378,-0.5829996149403158
39.297,2088,1772,0.07395498392282958,0.05390835579514825,0.2239549839228296,-0.5960916442048517
39.323,2007,1823,0.047909967845659165,0.07354639969195226,0.19790996784565917,-0.5764536003080478
39.349,2061,1823,0.06816720257234726,0.07662687716596073,0.21816720257234726,-0.5733731228340393
39.375,2098,1840,0.08006430868167203,0.08317289179822873,0.23006430868167202,-0.5668271082017713
39.401,1927,1789,0.02508038585209003,0.06353484790142472,0.17508038585209001,-0.5864651520985753
39.427,1998,1739,0.05337620578778135,0.04428186368887178,0.20337620578778134,-0.6057181363111283
39.453,1998,1722,0.05337620578778135,0.03773584905660377,0.20337620578778134,-0.6122641509433963
39.479,1998,1798,0.05337620578778135,0.06700038505968425,0.20337620578778134,-0.5829996149403158
39.505,2016,1764,0.059163987138263666,0.05390835579514825,0.20916398713826367,-0.5960916442048517
39.531,2061,1781,0.07363344051446945,0.06045437042741625,0.22363344051446943,-0.5895456295725838
39.557,2034,1756,0.06495176848874598,0.050827878321139774,0.21495176848874598,-0.5991721216788602
39.583,1954,1722,0.03922829581993569,0.04081632653061224,0.1892282958199357,-0.6091836734693877
39.609,1954,1772,0.03922829581993569,0.06006931074316519,0.1892282958199357,-0.5899306892568348
39.635,1971,1806,0.047588424437299034,0.07316134000770119,0.19758842443729902,-0.5768386599922988
39.661,2034,1806,0.06784565916398713,0.07316134000770119,0.21784565916398713,-0.5768386599922988
39.687,1989,1815,0.05337620578778135,0.07662687716596073,0.20337620578778134,-0.5733731228340393
39.713,1954,1764,0.04212218649517685,0.05698883326915672,0.19212218649517684,-0.5930111667308433
39.739,1971,1756,0.047588424437299034,0.05390835579514825,0.19758842443729902,-0.5960916442048517
39.765,1954,1781,0.04212218649517685,0.06353484790142472,0.19212218649517684,-0.5864651520985753
39.791,2007,1798,0.059163987138263666,0.07008086253369272,0.20916398713826367,-0.5799191374663073
39.817,1998,1815,0.05627009646302251,0.07662687716596073,0.2062700964630225,-0.5733731228340393
39.843,1927,1884,0.033440514469453377,0.10319599537928378,0.18344051446945336,-0.5468040046207162
39.869,1954,1858,0.04212218649517685,0.09318444358875626,0.19212218649517684,-0.5568155564112438
39.895,1962,1781,0.04469453376205788,0.06353484790142472,0.19469453376205786,-0.5864651520985753
39.921,1945,1772,0.03922829581993569,0.06006931074316519,0.1892282958199357,-0.5899306892568348
39.947,1901,1806,0.02508038585209003,0.07316134000770119,0.17508038585209001,-0.5768386599922988
39.973,1901,1806,0.02508038585209003,0.07316134000770119,0.17508038585209001,-0.5768386599922988
39.999,1918,1789,0.03054662379421222,0.06661532537543319,0.1805466237942122,-0.5833846746245668
40.025,1962,1772,0.04469453376205788,0.06006931074316519,0.19469453376205786,-0.5899306892568348
40.051,1998,1798,0.05627009646302251,0.07316134000770119,0.2062700964630225,-0.5768386599922988
40.077,1971,1806,0.05016077170418006,0.07624181748170966,0.20016077170418006,-0.5737581825182904
40.103,1936,1806,0.03890675241157556,0.07624181748170966,0.18890675241157556,-0.5737581825182904
40.129,1954,1789,0.04469453376205788,0.06969580284944166,0.19469453376205786,-0.5803041971505584
40.155,2007,1764,0.06173633440514469,0.06006931074316519,0.2117363344051447,-0.5899306892568348
40.181,1980,1789,0.05305466237942122,0.06969580284944166,0.2030546623794212,-0.5803041971505584
40.207,1980,1764,0.05594855305466238,0.06314978821717367,0.20594855305466236,-0.5868502117828264
40.233,1962,1747,0.052733118971061095,0.05660377358490566,0.20273311897106108,-0.5933962264150944
40.259,1954,1789,0.05016077170418006,0.07277628032345014,0.20016077170418006,-0.5772237196765498
40.285,1954,1722,0.05016077170418006,0.04697728147862919,0.20016077170418006,-0.6030227185213708
40.311,1998,1689,0.06430868167202572,0.034270311898344244,0.2143086816720257,-0.6157296881016557
40.337,2016,1772,0.07009646302250803,0.06623026569118214,0.22009646302250802,-0.5837697343088178
40.363,1998,1806,0.06720257234726688,0.08240277242972661,0.21720257234726686,-0.5675972275702734
40.389,1971,1756,0.05852090032154341,0.06314978821717367,0.2085209003215434,-0.5868502117828264
40.415,1971,1714,0.05852090032154341,0.04697728147862919,0.2085209003215434,-0.6030227185213708
40.441,2034,1706,0.07877813504823152,0.04389680400462072,0.22877813504823152,-0.6061031959953793
40.467,1998,1722,0.06720257234726688,0.05005775895263766,0.21720257234726686,-0.5999422410473624
40.493,1945,1714,0.05016077170418006,0.04697728147862919,0.20016077170418006,-0.6030227185213708
40.519,1962,1681,0.05562700964630225,0.034270311898344244,0.20562700964630226,-0.6157296881016557
40.545,1954,1640,0.05305466237942122,0.018482864844050827,0.2030546623794212,-0.6315171351559492
40.571,1962,1640,0.05562700964630225,0.018482864844050827,0.20562700964630226,-0.6315171351559492
40.597,1980,1706,0.06141479099678457,0.04389680400462072,0.21141479099678456,-0.6061031959953793
40.623,1954,1714,0.05305466237942122,0.05005775895263766,0.2030546623794212,-0.5999422410473624
40.649,1945,1697,0.05016077170418006,0.04351174432036966,0.20016077170418006,-0.6064882556796304
40.675,1945,1689,0.05016077170418006,0.04043126684636118,0.20016077170418006,-0.6095687331536388
40.701,1962,1731,0.05562700964630225,0.05968425105891413,0.20562700964630226,-0.5903157489410858
40.727,1936,1747,0.047266881028938904,0.06584520600693107,0.1972668810289389,-0.5841547939930689
40.753,1901,1722,0.03858520900321544,0.0562187139006546,0.18858520900321543,-0.5937812860993454
40.779,1918,1689,0.04694533762057878,0.04351174432036966,0.19694533762057878,-0.6064882556796304
40.805,1892,1706,0.03858520900321544,0.053138236426646134,0.18858520900321543,-0.5968617635733539
40.831,1875,1706,0.033118971061093246,0.053138236426646134,0.18311897106109323,-0.5968617635733539
40.857,1980,1747,0.06688102893890675,0.06892568348093954,0.21688102893890676,-0.5810743165190605
40.883,1962,1739,0.06109324758842444,0.06584520600693107,0.21109324758842443,-0.5841547939930689
40.909,1901,1714,0.04405144694533762,0.05929919137466307,0.1940514469453376,-0.5907008086253369
40.935,1910,1714,0.04694533762057878,0.05929919137466307,0.19694533762057878,-0.5907008086253369
40.961,1945,1648,0.05819935691318328,0.033885252214093185,0.20819935691318328,-0.6161147477859068
40.987,1901,1706,0.04405144694533762,0.0562187139006546,0.1940514469453376,-0.5937812860993454
41.013,1910,1731,0.04694533762057878,0.06584520600693107,0.19694533762057878,-0.5841547939930689
41.039,1892,1632,0.041157556270096464,0.027724297266076243,0.19115755627009645,-0.6222757027339237
41.065,1858,1600,0.03279742765273312,0.015402387370042356,0.1827974276527331,-0.6345976126299576
41.091,1884,1640,0.041157556270096464,0.030804774740084712,0.19115755627009645,-0.6191952252599153
41.117,1910,1714,0.049517684887459806,0.06237966884867154,0.1995176848874598,-0.5876203311513285
41.143,1927,1714,0.05787781350482315,0.06237966884867154,0.20787781350482315,-0.5876203311513285
41.169,1892,1681,0.04662379421221865,0.0496726992683866,0.19662379421221865,-0.6003273007316134
41.195,1866,1624,0.038263665594855306,0.027724297266076243,0.1882636655948553,-0.6222757027339237
41.221,1866,1632,0.038263665594855306,0.030804774740084712,0.1882636655948553,-0.6191952252599153
41.247,1945,1689,0.06366559485530547,0.05275317674239507,0.21366559485530545,-0.5972468232576049
41.273,1884,1706,0.04405144694533762,0.05929919137466307,0.1940514469453376,-0.5907008086253369
41.299,1858,1681,0.03569131832797428,0.0496726992683866,0.18569131832797428,-0.6003273007316134
41.325,1910,1689,0.05498392282958199,0.05275317674239507,0.204983922829582,-0.5972468232576049
41.351,1901,1714,0.05209003215434083,0.06237966884867154,0.20209003215434082,-0.5876203311513285
41.377,1971,1681,0.07459807073954984,0.05275317674239507,0.22459807073954985,-0.5972468232576049
41.403,1884,1689,0.04662379421221865,0.055833654216403544,0.19662379421221865,-0.5941663457835965
41.429,1832,1592,0.03247588424437299,0.018482864844050827,0.182475884244373,-0.6315171351559492
41.455,1858,1624,0.04083601286173633,0.030804774740084712,0.19083601286173632,-0.6191952252599153
41.481,1823,1624,0.029581993569131833,0.03350019252984213,0.17958199356913182,-0.6164998074701579
41.507,1781,1673,0.01607717041800643,0.05236811705814401,0.16607717041800643,-0.597631882941856
41.533,1798,1673,0.021543408360128618,0.05236811705814401,0.1715434083601286,-0.597631882941856
41.559,1858,1681,0.04083601286173633,0.055448594532152486,0.19083601286173632,-0.5945514054678476
41.585,1910,1600,0.057556270096463025,0.027339237581825184,0.20755627009646302,-0.6226607624181748
41.611,1866,1665,0.04630225080385852,0.055448594532152486,0.19630225080385852,-0.5945514054678476
41.637,1815,1616,0.02990353697749196,0.036580670003850596,0.17990353697749195,-0.6134193299961495
41.663,1901,1697,0.057556270096463025,0.06777050442818637,0.20755627009646302,-0.5822294955718137
41.689,1910,1648,0.06045016077170418,0.04890257989988448,0.21045016077170417,-0.6010974201001156
41.715,1849,1584,0.04083601286173633,0.02425876010781671,0.19083601286173632,-0.6257412398921833
41.741,1884,1632,0.05209003215434083,0.04274162495186754,0.20209003215434082,-0.6072583750481325
41.767,1823,1756,0.03247588424437299,0.09048902579899884,0.182475884244373,-0.5595109742010012
41.793,1832,1656,0.037942122186495175,0.05506353484790143,0.18794212218649517,-0.5949364651520986
41.819,1858,1624,0.04630225080385852,0.04274162495186754,0.19630225080385852,-0.6072583750481325
41.845,1858,1632,0.04887459807073955,0.04582210242587601,0.19887459807073954,-0.604177897574124
41.871,1849,1616,0.045980707395498394,0.039661147477859066,0.1959807073954984,-0.6103388525221409
41.897,1936,1632,0.07395498392282958,0.04582210242587601,0.2239549839228296,-0.604177897574124
41.923,1823,1656,0.03762057877813505,0.05506353484790143,0.18762057877813504,-0.5949364651520986
41.949,1815,1592,0.03504823151125402,0.03350019252984213,0.18504823151125402,-0.6164998074701579
41.975,1910,1640,0.06559485530546624,0.05198305737389295,0.21559485530546624,-0.598016942626107
42.001,1823,1600,0.03762057877813505,0.036580670003850596,0.18762057877813504,-0.6134193299961495
42.027,1806,1656,0.03215434083601286,0.058144012321909896,0.18215434083601284,-0.5918559876780901
42.053,1884,1665,0.057234726688102894,0.061609549480169425,0.2072347266881029,-0.5883904505198306
42.079,1858,1697,0.04887459807073955,0.07393145937620331,0.19887459807073954,-0.5760685406237968
42.105,1875,1673,0.054340836012861736,0.0673854447439353,0.20434083601286174,-0.5826145552560648
42.131,1884,1608,0.06012861736334405,0.04235656526761648,0.21012861736334404,-0.6076434347323836
42.157,1858,1600,0.05176848874598071,0.03927608779360801,0.2017684887459807,-0.610723912206392
42.183,1849,1608,0.04887459807073955,0.04235656526761648,0.19887459807073954,-0.6076434347323836
42.209,1815,1624,0.037942122186495175,0.04851752021563342,0.18794212218649517,-0.6014824797843666
42.235,1789,1665,0.03215434083601286,0.0673854447439353,0.18215434083601284,-0.5826145552560648
42.261,1832,1665,0.045980707395498394,0.0673854447439353,0.1959807073954984,-0.5826145552560648
42.287,1892,1616,0.06527331189710611,0.04851752021563342,0.2152733118971061,-0.6014824797843666
42.313,1823,1640,0.043086816720257236,0.05775895263765884,0.19308681672025724,-0.5922410473623412
42.339,1866,1632,0.05691318327974276,0.05775895263765884,0.20691318327974276,-0.5922410473623412
42.365,1875,1624,0.05980707395498392,0.05467847516365037,0.2098070739549839,-0.5953215248363497
42.391,1823,1584,0.043086816720257236,0.041971505583365425,0.19308681672025724,-0.6080284944166346
42.417,1840,1648,0.04855305466237942,0.06661532537543319,0.1985530546623794,-0.5833846746245668
42.443,1866,1632,0.05691318327974276,0.06045437042741625,0.20691318327974276,-0.5895456295725838
42.469,1832,1616,0.045980707395498394,0.05429341547939931,0.1959807073954984,-0.5957065845206007
42.495,1840,1624,0.05112540192926045,0.06045437042741625,0.20112540192926043,-0.5895456295725838
42.521,1815,1665,0.043086816720257236,0.07624181748170966,0.19308681672025724,-0.5737581825182904
42.547,1798,1632,0.03762057877813505,0.06353484790142472,0.18762057877813504,-0.5864651520985753
42.573,1840,1632,0.05112540192926045,0.06353484790142472,0.20112540192926043,-0.5864651520985753
42.599,1840,1616,0.05112540192926045,0.05737389295340778,0.20112540192926043,-0.5926261070465922
42.625,1832,1640,0.04855305466237942,0.06661532537543319,0.1985530546623794,-0.5833846746245668
42.651,1815,1608,0.043086816720257236,0.05429341547939931,0.19308681672025724,-0.5957065845206007
42.677,1764,1600,0.026688102893890675,0.05121293800539083,0.17668810289389067,-0.5987870619946092
42.703,1756,1632,0.024115755627009645,0.06353484790142472,0.17411575562700965,-0.5864651520985753
42.729,1789,1640,0.03472668810289389,0.06661532537543319,0.1847266881028939,-0.5833846746245668
42.755,1789,1624,0.03472668810289389,0.06045437042741625,0.1847266881028939,-0.5895456295725838
42.781,1789,1592,0.03729903536977492,0.048132460531382364,0.1872990353697749,-0.6018675394686177
42.807,1789,1544,0.03729903536977492,0.029649595687331536,0.1872990353697749,-0.6203504043126685
42.833,1789,1537,0.03729903536977492,0.026954177897574125,0.1872990353697749,-0.6230458221024259
42.859,1798,1568,0.04019292604501608,0.03889102810935695,0.1901929260450161,-0.6111089718906431
42.885,1815,1608,0.04565916398713826,0.05429341547939931,0.19565916398713826,-0.5957065845206007
42.911,1815,1592,0.04565916398713826,0.048132460531382364,0.19565916398713826,-0.6018675394686177
42.937,1764,1568,0.029260450160771705,0.03889102810935695,0.1792604501607717,-0.6111089718906431
42.963,1747,1513,0.023794212218649517,0.020793222949557183,0.17379421221864952,-0.6292067770504428
42.989,1772,1513,0.031832797427652736,0.020793222949557183,0.18183279742765274,-0.6292067770504428
43.015,1823,1600,0.04823151125401929,0.05429341547939931,0.19823151125401928,-0.5957065845206007
43.041,1840,1600,0.05627009646302251,0.05429341547939931,0.2062700964630225,-0.5957065845206007
43.067,1840,1544,0.05627009646302251,0.03273007316134001,0.2062700964630225,-0.61726992683866
43.093,1832,1576,0.05369774919614148,0.045051983057373894,0.20369774919614148,-0.6049480169426261
43.119,1815,1616,0.04823151125401929,0.06045437042741625,0.19823151125401928,-0.5895456295725838
43.145,1840,1592,0.05627009646302251,0.05121293800539083,0.2062700964630225,-0.5987870619946092
43.171,1840,1616,0.05627009646302251,0.06045437042741625,0.2062700964630225,-0.5895456295725838
43.197,1823,1600,0.05080385852090032,0.05429341547939931,0.20080385852090032,-0.5957065845206007
43.223,1789,1537,0.03987138263665595,0.030034655371582595,0.18987138263665593,-0.6199653446284175
43.249,1731,1576,0.02122186495176849,0.045051983057373894,0.1712218649517685,-0.6049480169426261
43.275,1731,1584,0.02122186495176849,0.048132460531382364,0.1712218649517685,-0.6018675394686177
43.301,1747,1521,0.026366559485530548,0.023873700423565652,0.17636655948553054,-0.6261262995764344
43.327,1764,1537,0.03472668810289389,0.030034655371582595,0.1847266881028939,-0.6199653446284175
43.353,1739,1592,0.026688102893890675,0.05121293800539083,0.17668810289389067,-0.5987870619946092
43.379,1756,1592,0.03472668810289389,0.05121293800539083,0.1847266881028939,-0.5987870619946092
43.405,1798,1552,0.04823151125401929,0.03581055063534848,0.19823151125401928,-0.6141894493646516
43.431,1823,1576,0.05627009646302251,0.045051983057373894,0.2062700964630225,-0.6049480169426261
43.457,1849,1584,0.06463022508038585,0.048132460531382364,0.21463022508038584,-0.6018675394686177
43.483,1789,1560,0.04533762057877813,0.03889102810935695,0.19533762057877813,-0.6111089718906431
43.509,1756,1560,0.03987138263665595,0.041586445899114366,0.18987138263665593,-0.6084135541008857
43.535,1772,1552,0.04501607717041801,0.03850596842510589,0.195016077170418,-0.6114940315748941
43.561,1697,1608,0.02090032154340836,0.06006931074316519,0.17090032154340834,-0.5899306892568348
43.587,1731,1608,0.031832797427652736,0.06006931074316519,0.18183279742765274,-0.5899306892568348
43.613,1806,1560,0.05852090032154341,0.041586445899114366,0.2085209003215434,-0.6084135541008857
43.639,1789,1592,0.05305466237942122,0.05390835579514825,0.2030546623794212,-0.5960916442048517
43.665,1706,1616,0.026366559485530548,0.06314978821717367,0.17636655948553054,-0.5868502117828264
43.691,1747,1560,0.03954983922829582,0.041586445899114366,0.18954983922829582,-0.6084135541008857
43.717,1747,1552,0.04212218649517685,0.03850596842510589,0.19212218649517684,-0.6114940315748941
43.743,1739,1600,0.04212218649517685,0.05698883326915672,0.19212218649517684,-0.5930111667308433
43.769,1747,1608,0.04469453376205788,0.06314978821717367,0.19469453376205786,-0.5868502117828264
43.795,1806,1568,0.06366559485530547,0.047747400847131305,0.21366559485530545,-0.6022525991528687
43.821,1731,1529,0.04212218649517685,0.03581055063534848,0.19212218649517684,-0.6141894493646516
43.847,1747,1600,0.047266881028938904,0.06314978821717367,0.1972668810289389,-0.5868502117828264
43.873,1722,1568,0.03922829581993569,0.050827878321139774,0.1892282958199357,-0.5991721216788602
43.899,1689,1600,0.028617363344051447,0.06314978821717367,0.17861736334405143,-0.5868502117828264
43.925,1681,1568,0.026045016077170417,0.050827878321139774,0.1760450160771704,-0.5991721216788602
43.951,1815,1505,0.07170418006430868,0.026569118213323067,0.22170418006430867,-0.6234308817866769
43.977,1722,1521,0.04180064308681672,0.03273007316134001,0.1918006430868167,-0.61726992683866
44.003,1747,1482,0.04983922829581994,0.01771274547554871,0.19983922829581993,-0.6322872545244513
44.029,1706,1552,0.036655948553054665,0.044666923373122835,0.18665594855305467,-0.6053330766268772
44.055,1781,1568,0.060771704180064307,0.050827878321139774,0.2107717041800643,-0.5991721216788602
44.081,1731,1505,0.04469453376205788,0.026569118213323067,0.19469453376205786,-0.6234308817866769
44.107,1689,1421,0.031189710610932477,0.0,0.18118971061093248,-0.65
44.133,1697,1490,0.03376205787781351,0.023488640739314594,0.1837620578778135,-0.6265113592606855
44.159,1722,1576,0.044372990353697746,0.05660377358490566,0.19437299035369773,-0.5933962264150944
44.185,1731,1459,0.047266881028938904,0.011551790527531768,0.1972668810289389,-0.6384482094724683
44.211,1714,1498,0.04180064308681672,0.026569118213323067,0.1918006430868167,-0.6234308817866769
44.237,1665,1505,0.028617363344051447,0.029264536003080478,0.17861736334405143,-0.6207354639969196
44.263,1806,1552,0.07395498392282958,0.047362341162880246,0.2239549839228296,-0.6026376588371197
44.289,1806,1544,0.07395498392282958,0.04428186368887178,0.2239549839228296,-0.6057181363111283
44.315,1798,1584,0.07138263665594856,0.0627647285329226,0.22138263665594854,-0.5872352714670774
44.341,1756,1544,0.05787781350482315,0.047362341162880246,0.20787781350482315,-0.6026376588371197
44.367,1706,1544,0.04180064308681672,0.047362341162880246,0.1918006430868167,-0.6026376588371197
44.393,1665,1513,0.028617363344051447,0.03542549095109742,0.17861736334405143,-0.6145745090489027
44.419,1739,1459,0.052411575562700964,0.014632268001540239,0.20241157556270095,-0.6353677319984598
44.445,1689,1544,0.036334405144694534,0.047362341162880246,0.18633440514469451,-0.6026376588371197
44.471,1648,1560,0.02315112540192926,0.05352329611089719,0.17315112540192926,-0.5964767038891028
44.497,1747,1544,0.05498392282958199,0.047362341162880246,0.204983922829582,-0.6026376588371197
44.523,1697,1505,0.03890675241157556,0.03504043126684636,0.18890675241157556,-0.6149595687331537
44.549,1747,1452,0.057556270096463025,0.014632268001540239,0.20755627009646302,-0.6353677319984598
44.575,1722,1505,0.049517684887459806,0.03504043126684636,0.1995176848874598,-0.6149595687331537
44.601,1706,1421,0.04694533762057878,0.0026954177897574125,0.19694533762057878,-0.6473045822102426
44.627,1731,1482,0.05498392282958199,0.026184058529072005,0.204983922829582,-0.623815941470928
44.653,1832,1475,0.09003215434083602,0.023488640739314594,0.24003215434083602,-0.6265113592606855
44.679,1764,1521,0.06816720257234726,0.04120138621486331,0.21816720257234726,-0.6087986137851367
44.705,1756,1498,0.06559485530546624,0.03542549095109742,0.21559485530546624,-0.6145745090489027
44.731,1673,1467,0.041479099678456595,0.023488640739314594,0.19147909967845658,-0.6265113592606855
44.757,1673,1513,0.041479099678456595,0.04120138621486331,0.19147909967845658,-0.6087986137851367
44.783,1689,1505,0.04662379421221865,0.03812090874085483,0.19662379421221865,-0.6118790912591452
44.809,1706,1521,0.05209003215434083,0.04428186368887178,0.20209003215434082,-0.6057181363111283
44.835,1673,1467,0.041479099678456595,0.023488640739314594,0.19147909967845658,-0.6265113592606855
44.861,1706,1537,0.05209003215434083,0.053138236426646134,0.20209003215434082,-0.5968617635733539
44.887,1665,1521,0.03890675241157556,0.04697728147862919,0.18890675241157556,-0.6030227185213708
44.913,1697,1498,0.049196141479099675,0.03812090874085483,0.19919614147909967,-0.6118790912591452
44.939,1722,1459,0.057234726688102894,0.023103581055063535,0.2072347266881029,-0.6268964189449365
44.965,1722,1475,0.057234726688102894,0.029264536003080478,0.2072347266881029,-0.6207354639969196
44.991,1648,1467,0.033440514469453377,0.026184058529072005,0.18344051446945336,-0.623815941470928
45.017,1689,1414,0.04887459807073955,0.005775895263765884,0.19887459807073954,-0.6442241047362341
45.043,1665,1498,0.041157556270096464,0.04120138621486331,0.19115755627009645,-0.6087986137851367
45.069,1689,1490,0.04887459807073955,0.03812090874085483,0.19887459807073954,-0.6118790912591452
45.095,1632,1452,0.03054662379421222,0.023488640739314594,0.1805466237942122,-0.6265113592606855
45.121,1681,1505,0.04630225080385852,0.0496726992683866,0.19630225080385852,-0.6003273007316134
45.147,1697,1513,0.05144694533762058,0.05275317674239507,0.2014469453376206,-0.5972468232576049
45.173,1689,1475,0.04887459807073955,0.03812090874085483,0.19887459807073954,-0.6118790912591452
45.199,1706,1505,0.054340836012861736,0.0496726992683866,0.20434083601286174,-0.6003273007316134
45.225,1739,1498,0.06495176848874598,0.0496726992683866,0.21495176848874598,-0.6003273007316134
45.251,1689,1475,0.04887459807073955,0.04081632653061224,0.19887459807073954,-0.6091836734693877
45.277,1697,1490,0.05144694533762058,0.04659222179437813,0.2014469453376206,-0.6034077782056219
45.303,1697,1482,0.05144694533762058,0.04351174432036966,0.2014469453376206,-0.6064882556796304
45.329,1681,1521,0.04630225080385852,0.058529072006160955,0.19630225080385852,-0.591470927993839
45.355,1722,1544,0.06205787781350482,0.0673854447439353,0.21205787781350482,-0.5826145552560648
45.381,1673,1513,0.04630225080385852,0.055448594532152486,0.19630225080385852,-0.5945514054678476
45.407,1592,1482,0.020257234726688104,0.04351174432036966,0.1702572347266881,-0.6064882556796304
45.433,1648,1444,0.038263665594855306,0.02887947631882942,0.1882636655948553,-0.6211205236811707
45.459,1731,1429,0.06495176848874598,0.023103581055063535,0.21495176848874598,-0.6268964189449365
45.485,1681,1498,0.04887459807073955,0.0496726992683866,0.19887459807073954,-0.6003273007316134
45.511,1673,1568,0.04630225080385852,0.07662687716596073,0.19630225080385852,-0.5733731228340393
45.537,1673,1521,0.04630225080385852,0.058529072006160955,0.19630225080385852,-0.591470927993839
45.563,1656,1452,0.04083601286173633,0.03195995379283789,0.19083601286173632,-0.6180400462071621
45.589,1689,1452,0.05144694533762058,0.03195995379283789,0.2014469453376206,-0.6180400462071621
45.615,1673,1475,0.04630225080385852,0.04081632653061224,0.19630225080385852,-0.6091836734693877
45.641,1632,1475,0.03569131832797428,0.04081632653061224,0.18569131832797428,-0.6091836734693877
45.667,1616,1475,0.03054662379421222,0.04081632653061224,0.1805466237942122,-0.6091836734693877
45.693,1632,1482,0.03569131832797428,0.04620716211012707,0.18569131832797428,-0.6037928378898729
45.719,1714,1490,0.06205787781350482,0.04928763958413554,0.21205787781350482,-0.6007123604158645
45.745,1789,1490,0.08617363344051447,0.04928763958413554,0.23617363344051445,-0.6007123604158645
45.771,1798,1490,0.08906752411575562,0.04928763958413554,0.2390675241157556,-0.6007123604158645
45.797,1764,1521,0.07813504823151125,0.061224489795918366,0.22813504823151126,-0.5887755102040817
45.823,1681,1529,0.05144694533762058,0.06430496726992684,0.2014469453376206,-0.5856950327300732
45.849,1656,1513,0.04340836012861737,0.058144012321909896,0.19340836012861737,-0.5918559876780901
45.875,1706,1505,0.0594855305466238,0.058144012321909896,0.20948553054662378,-0.5918559876780901
45.901,1697,1529,0.05659163987138264,0.0673854447439353,0.20659163987138263,-0.5826145552560648
45.927,1648,1505,0.04083601286173633,0.058144012321909896,0.19083601286173632,-0.5918559876780901
45.953,1592,1475,0.02282958199356913,0.04659222179437813,0.17282958199356913,-0.6034077782056219
45.979,1592,1475,0.02282958199356913,0.04659222179437813,0.17282958199356913,-0.6034077782056219
46.005,1600,1459,0.02540192926045016,0.04043126684636118,0.17540192926045015,-0.6095687331536388
46.031,1648,1505,0.04083601286173633,0.058144012321909896,0.19083601286173632,-0.5918559876780901
46.057,1632,1490,0.03569131832797428,0.05236811705814401,0.18569131832797428,-0.597631882941856
46.083,1600,1452,0.02540192926045016,0.03773584905660377,0.17540192926045015,-0.6122641509433963
46.109,1624,1436,0.033118971061093246,0.03157489410858683,0.18311897106109323,-0.6184251058914132
46.135,1592,1429,0.02540192926045016,0.02887947631882942,0.17540192926045015,-0.6211205236811707
46.161,1624,1459,0.03569131832797428,0.0431266846361186,0.18569131832797428,-0.6068733153638814
46.187,1592,1406,0.02540192926045016,0.022718521370812476,0.17540192926045015,-0.6272814786291876
46.213,1608,1459,0.033118971061093246,0.0431266846361186,0.18311897106109323,-0.6068733153638814
46.239,1600,1459,0.03279742765273312,0.04582210242587601,0.1827974276527331,-0.604177897574124
46.265,1640,1482,0.04565916398713826,0.05467847516365037,0.19565916398713826,-0.5953215248363497
46.291,1681,1498,0.058842443729903535,0.06391990758567578,0.20884244372990352,-0.5860800924143242
46.317,1576,1421,0.02508038585209003,0.034270311898344244,0.17508038585209001,-0.6157296881016557
46.343,1552,1436,0.019935691318327974,0.040046207162110124,0.16993569131832797,-0.6099537928378899
46.369,1624,1436,0.043086816720257236,0.040046207162110124,0.19308681672025724,-0.6099537928378899
46.395,1632,1467,0.04565916398713826,0.05198305737389295,0.19565916398713826,-0.598016942626107
46.421,1592,1429,0.03279742765273312,0.03735078937235271,0.1827974276527331,-0.6126492106276473
46.447,1608,1498,0.037942122186495175,0.06391990758567578,0.18794212218649517,-0.5860800924143242
46.473,1624,1521,0.043086816720257236,0.07277628032345014,0.19308681672025724,-0.5772237196765498
46.499,1576,1444,0.02765273311897106,0.04582210242587601,0.17765273311897106,-0.604177897574124
46.525,1584,1475,0.03022508038585209,0.05775895263765884,0.18022508038585208,-0.5922410473623412
46.551,1576,1482,0.02765273311897106,0.06045437042741625,0.17765273311897106,-0.5895456295725838
46.577,1529,1521,0.012540192926045015,0.07547169811320754,0.16254019292604502,-0.5745283018867925
46.603,1576,1467,0.02765273311897106,0.05467847516365037,0.17765273311897106,-0.5953215248363497
46.629,1592,1482,0.03279742765273312,0.06045437042741625,0.1827974276527331,-0.5895456295725838
46.655,1568,1362,0.02508038585209003,0.01424720831728918,0.17508038585209001,-0.6357527916827108
46.681,1616,1414,0.04051446945337621,0.034270311898344244,0.1905144694533762,-0.6157296881016557
46.707,1576,1429,0.02765273311897106,0.040046207162110124,0.17765273311897106,-0.6099537928378899
46.733,1584,1444,0.03022508038585209,0.04582210242587601,0.18022508038585208,-0.604177897574124
46.759,1568,1429,0.02508038585209003,0.040046207162110124,0.17508038585209001,-0.6099537928378899
46.785,1656,1414,0.05337620578778135,0.034270311898344244,0.20337620578778134,-0.6157296881016557
46.811,1521,1459,0.009967845659163987,0.05429341547939931,0.15996784565916397,-0.5957065845206007
46.837,1459,1391,0.0,0.03118983442433577,0.15,-0.6188101655756643
46.863,1584,1459,0.03279742765273312,0.05737389295340778,0.1827974276527331,-0.5926261070465922
46.889,1521,1376,0.012540192926045015,0.0281093569503273,0.16254019292604502,-0.6218906430496727
46.915,1608,1399,0.04051446945337621,0.039661147477859066,0.1905144694533762,-0.6103388525221409
46.941,1552,1482,0.024758842443729903,0.07162110127069696,0.1747588424437299,-0.578378898729303
46.967,1560,1482,0.027331189710610933,0.07162110127069696,0.17733118971061093,-0.578378898729303
46.993,1552,1444,0.024758842443729903,0.05698883326915672,0.1747588424437299,-0.5930111667308433
47.019,1616,1414,0.04533762057877813,0.04543704274162495,0.19533762057877813,-0.604562957258375
47.045,1600,1444,0.04019292604501608,0.05698883326915672,0.1901929260450161,-0.5930111667308433
47.071,1584,1436,0.03504823151125402,0.05390835579514825,0.18504823151125402,-0.5960916442048517
47.097,1592,1414,0.04019292604501608,0.048132460531382364,0.1901929260450161,-0.6018675394686177
47.123,1592,1369,0.04019292604501608,0.030804774740084712,0.1901929260450161,-0.6191952252599153
47.149,1544,1399,0.027331189710610933,0.04235656526761648,0.17733118971061093,-0.6076434347323836
47.175,1537,1406,0.02508038585209003,0.045051983057373894,0.17508038585209001,-0.6049480169426261
47.201,1521,1436,0.019935691318327974,0.05660377358490566,0.16993569131832797,-0.5933962264150944
47.227,1568,1369,0.03504823151125402,0.03350019252984213,0.18504823151125402,-0.6164998074701579
47.253,1544,1399,0.027331189710610933,0.045051983057373894,0.17733118971061093,-0.6049480169426261
47.279,1537,1436,0.02508038585209003,0.05929919137466307,0.17508038585209001,-0.5907008086253369
47.305,1537,1391,0.02508038585209003,0.045051983057373894,0.17508038585209001,-0.6049480169426261
47.331,1537,1414,0.02508038585209003,0.05390835579514825,0.17508038585209001,-0.5960916442048517
47.357,1584,1421,0.04019292604501608,0.05660377358490566,0.1901929260450161,-0.5933962264150944
47.383,1584,1421,0.04019292604501608,0.05660377358490566,0.1901929260450161,-0.5933962264150944
47.409,1568,1414,0.035160771704180034,0.05390835579514825,0.18516077170418002,-0.5960916442048517
47.435,1521,1318,0.02016077170418008,0.016942626107046593,0.17016077170418006,-0.6330573738929535
47.461,1560,1340,0.03281350482315111,0.025413939160569887,0.18281350482315112,-0.6245860608394301
47.487,1544,1354,0.027781350482315142,0.030804774740084712,0.17778135048231514,-0.6191952252599153
47.513,1600,1421,0.04590032154340836,0.05660377358490566,0.19590032154340836,-0.5933962264150944
47.539,1568,1436,0.03572347266881026,0.06237966884867154,0.18572347266881026,-0.5876203311513285
47.565,1584,1414,0.04098070739549841,0.05390835579514825,0.1909807073954984,-0.5960916442048517
47.591,1568,1436,0.035948553054662366,0.06237966884867154,0.18594855305466235,-0.5876203311513285
47.617,1529,1369,0.02352090032154344,0.036580670003850596,0.17352090032154344,-0.6134193299961495
47.643,1529,1362,0.023633440514469452,0.033885252214093185,0.17363344051446944,-0.6161147477859068
47.669,1600,1369,0.0465755627009646,0.036580670003850596,0.1965755627009646,-0.6134193299961495
47.695,1584,1406,0.04154340836012863,0.050827878321139774,0.19154340836012862,-0.5991721216788602
47.721,1537,1354,0.0265434083601286,0.030804774740084712,0.1765434083601286,-0.6191952252599153
47.747,1544,1376,0.02890675241157559,0.03927608779360801,0.17890675241157558,-0.610723912206392
47.773,1592,1444,0.04445337620578778,0.06546014632268002,0.1944533762057878,-0.58453985367732
47.799,1537,1436,0.026881028938906724,0.06237966884867154,0.17688102893890673,-0.5876203311513285
47.825,1529,1362,0.024421221864951784,0.033885252214093185,0.1744212218649518,-0.6161147477859068
47.851,1544,1354,0.029356913183279727,0.030804774740084712,0.17935691318327973,-0.6191952252599153
47.877,1568,1376,0.037186495176848904,0.03927608779360801,0.1871864951768489,-0.610723912206392
47.903,1576,1391,0.03987138263665595,0.045051983057373894,0.18987138263665593,-0.6049480169426261
47.929,1521,1384,0.022186495176848873,0.04235656526761648,0.17218649517684886,-0.6076434347323836
47.955,1475,1429,0.007395498392282958,0.05968425105891413,0.15739549839228295,-0.5903157489410858
47.981,1552,1414,0.03215434083601286,0.05390835579514825,0.18215434083601284,-0.5960916442048517
48.007,1584,1391,0.04244372990353698,0.045051983057373894,0.19244372990353698,-0.6049480169426261
48.033,1560,1391,0.03472668810289389,0.045051983057373894,0.1847266881028939,-0.6049480169426261
48.059,1529,1391,0.024758842443729903,0.045051983057373894,0.1747588424437299,-0.6049480169426261
48.085,1521,1399,0.022186495176848873,0.048132460531382364,0.17218649517684886,-0.6018675394686177
48.111,1552,1384,0.03215434083601286,0.04235656526761648,0.18215434083601284,-0.6076434347323836
48.137,1560,1384,0.03472668810289389,0.04235656526761648,0.1847266881028939,-0.6076434347323836
48.163,1537,1362,0.027331189710610933,0.033885252214093185,0.17733118971061093,-0.6161147477859068
48.189,1521,1340,0.022186495176848873,0.025413939160569887,0.17218649517684886,-0.6245860608394301
48.215,1505,1376,0.017041800643086816,0.03927608779360801,0.16704180064308682,-0.610723912206392
48.241,1459,1406,0.0022508038585209,0.050827878321139774,0.15225080385852088,-0.5991721216788602
48.267,1467,1369,0.00482315112540193,0.036580670003850596,0.15482315112540193,-0.6134193299961495
48.293,1490,1354,0.012218649517684888,0.030804774740084712,0.1622186495176849,-0.6191952252599153
48.319,1490,1354,0.012218649517684888,0.030804774740084712,0.1622186495176849,-0.6191952252599153
48.345,1560,1332,0.03472668810289389,0.022333461686561418,0.1847266881028939,-0.6276665383134385
48.371,1576,1354,0.03987138263665595,0.030804774740084712,0.18987138263665593,-0.6191952252599153
48.397,1498,1362,0.014790996784565916,0.033885252214093185,0.1647909967845659,-0.6161147477859068
48.423,1521,1369,0.022186495176848873,0.036580670003850596,0.17218649517684886,-0.6134193299961495
48.449,1560,1369,0.03472668810289389,0.036580670003850596,0.1847266881028939,-0.6134193299961495
48.475,1552,1354,0.03215434083601286,0.030804774740084712,0.18215434083601284,-0.6191952252599153
48.501,1576,1347,0.03987138263665595,0.0281093569503273,0.18987138263665593,-0.6218906430496727
48.527,1552,1354,0.03215434083601286,0.030804774740084712,0.18215434083601284,-0.6191952252599153
48.553,1513,1347,0.019614147909967846,0.0281093569503273,0.16961414790996784,-0.6218906430496727
48.579,1529,1399,0.024758842443729903,0.048132460531382364,0.1747588424437299,-0.6018675394686177
48.605,1560,1362,0.03472668810289389,0.033885252214093185,0.1847266881028939,-0.6161147477859068
48.631,1568,1325,0.03729903536977492,0.019638043896804003,0.1872990353697749,-0.630361956103196
48.657,1544,1332,0.029581993569131833,0.022333461686561418,0.17958199356913182,-0.6276665383134385
48.683,1552,1303,0.03215434083601286,0.011166730843280709,0.18215434083601284,-0.6388332691567193
48.709,1475,1347,0.007395498392282958,0.0281093569503273,0.15739549839228295,-0.6218906430496727
48.735,1490,1362,0.012218649517684888,0.033885252214093185,0.1622186495176849,-0.6161147477859068
48.761,1552,1325,0.03215434083601286,0.019638043896804003,0.18215434083601284,-0.630361956103196
48.787,1513,1332,0.019614147909967846,0.022333461686561418,0.16961414790996784,-0.6276665383134385
48.813,1498,1267,0.014790996784565916,0.0,0.1647909967845659,-0.65
48.839,1498,1274,0.014790996784565916,0.0,0.1647909967845659,-0.65
48.865,1452,1310,0.0,0.013862148633038121,0.15,-0.6361378513669619
48.891,1490,1332,0.012218649517684888,0.022333461686561418,0.1622186495176849,-0.6276665383134385
48.917,1552,1391,0.03215434083601286,0.045051983057373894,0.18215434083601284,-0.6049480169426261
48.943,1475,1325,0.007395498392282958,0.019638043896804003,0.15739549839228295,-0.630361956103196
48.969,1505,1354,0.017041800643086816,0.03093954562957255,0.16704180064308682,-0.6190604543704274
48.995,1513,1325,0.019614147909967846,0.019907585675779764,0.16961414790996784,-0.6300924143242203
49.021,1521,1362,0.022186495176848873,0.03428956488255678,0.17218649517684886,-0.6157104351174433
49.047,1490,1340,0.012218649517684888,0.025953022718521405,0.1622186495176849,-0.6240469772814786
49.073,1537,1260,0.027331189710610933,0.0,0.17733118971061093,-0.65
49.099,1498,1325,0.014790996784565916,0.020446669233731195,0.1647909967845659,-0.6295533307662688
49.125,1482,1354,0.00964630225080386,0.031748170966499824,0.15964630225080384,-0.6182518290335002
49.151,1537,1289,0.027331189710610933,0.006854062379668831,0.17733118971061093,-0.6431459376203312
49.177,1521,1340,0.022186495176848873,0.02662687716596076,0.17218649517684886,-0.6233731228340392
49.203,1505,1362,0.017041800643086816,0.03523296110897189,0.16704180064308682,-0.6147670388910281
49.229,1490,1274,0.012218649517684888,0.0014824797843665419,0.1622186495176849,-0.6485175202156335
49.255,1498,1289,0.014790996784565916,0.007393145937620349,0.1647909967845659,-0.6426068540623797
49.281,1552,1362,0.03215434083601286,0.03563727377743549,0.18215434083601284,-0.6143627262225645
49.307,1513,1362,0.019614147909967846,0.03577204466692341,0.16961414790996784,-0.6142279553330766
49.333,1521,1267,0.022186495176848873,0.0,0.17218649517684886,-0.65
49.359,1436,1384,0.0,0.04451289949942237,0.15,-0.6054871005005776
49.385,1544,1362,0.029581993569131833,0.036176357335387,0.17958199356913182,-0.613823642664613
49.411,1560,1282,0.03472668810289389,0.005506353484790125,0.1847266881028939,-0.6444936465152099
49.437,1482,1282,0.00964630225080386,0.005641124374278048,0.15964630225080384,-0.644358875625722
49.463,1452,1340,0.0,0.0281093569503273,0.15,-0.6218906430496727
49.489,1482,1296,0.009774919614147939,0.011166730843280709,0.15977491961414794,-0.6388332691567193
49.515,1429,1296,0.0,0.011166730843280709,0.15,-0.6388332691567193
49.541,1391,1296,0.0,0.011166730843280709,0.15,-0.6388332691567193
49.567,1513,1289,0.020128617363344023,0.008471313053523296,0.170128617363344,-0.6415286869464767
49.593,1529,1325,0.02540192926045016,0.022333461686561418,0.17540192926045015,-0.6276665383134385
49.619,1490,1325,0.012990353697749226,0.022333461686561418,0.16299035369774922,-0.6276665383134385
49.645,1452,1347,0.0009003215434083455,0.030804774740084712,0.15090032154340835,-0.6191952252599153
49.671,1436,1354,0.0,0.03350019252984213,0.15,-0.6164998074701579
49.697,1391,1274,0.0,0.0026954177897574125,0.15,-0.6473045822102426
49.723,1482,1282,0.010932475884244373,0.005775895263765884,0.16093247588424436,-0.6442241047362341
49.749,1444,1303,0.0,0.013862148633038121,0.15,-0.6361378513669619
49.775,1467,1340,0.006366559485530532,0.0281093569503273,0.15636655948553052,-0.6218906430496727
49.801,1452,1267,0.0016720257234726834,0.0,0.1516720257234727,-0.65
49.827,1459,1274,0.004051446945337591,0.0026954177897574125,0.1540514469453376,-0.6473045822102426
49.853,1490,1260,0.01414790996784566,0.0,0.16414790996784565,-0.65
49.879,1529,1267,0.026816720257234757,0.0,0.17681672025723474,-0.65
49.905,1505,1267,0.019228295819935678,0.0,0.16922829581993568,-0.65
49.931,1475,1310,0.009710610932475898,0.016557566422795534,0.1597106109324759,-0.6334424335772045
49.957,1498,1318,0.017234726688102865,0.019638043896804003,0.16723472668810285,-0.630361956103196
49.983,1475,1391,0.009967845659163987,0.047747400847131305,0.15996784565916397,-0.6022525991528687
